Actual,Predicted
-0.33859958878986024,-0.3386126150319572
-0.9680207458343083,-0.5284709808056474
-0.2467495343471189,-0.9743083992009738
-0.5157666574055942,1.331874923884179
-0.5168250843084334,3.238215574703301
0.6728806777058226,0.947110850446234
0.06074567392307871,2.000423073087951
-0.3057755050971648,-0.17903719266769458
-0.2933807118893275,0.10771000162565972
-0.4710557197659958,0.4237378680141964
-0.21386001910134225,0.20683134270611545
-0.1579294102875659,-3.070118818548685
1.8390065291787085,4.465821691952865
-0.5378099007490184,0.40263526575448033
-0.30151134457776363,-0.34027099971374425
-0.5659164584181103,0.2289653798143954
-0.21592140589681488,-0.44017418647741074
-0.2009209630809588,-0.5211622998555776
-0.9020532422723927,0.1812151734630278
-0.47144303086135747,1.9653551555540352
-0.42717882885838043,1.3838524526683234
-0.4519178028412395,-0.36776171354411513
-0.1469592153396747,0.08020221122258579
-0.2773500981126145,0.6756912101897063
-0.03914128337893323,-1.545761839440738
-0.8008434372400539,0.9135607094446314
-0.3356323768933935,-0.33633555198720566
5.436457046647334,-0.8576613701096265
-0.06631200253661278,0.019222860275630867
-0.1472928103329803,-0.13551001735204365
-0.1472928103329803,0.7066501578448916
-0.3626320647277126,-0.4128551640167711
0.28523233549729166,0.3115970210673715
-0.3626320647277126,-0.3467785746613674
-0.182487846928297,-1.297420296869382
0.903138266711715,0.6937448724168057
-0.2285007592353787,-3.3369413340991656
-0.38779328477109426,-0.3878619299782831
-1.3112201362143714,0.24243385881515556
-0.34079027620547275,-0.4770569847783281
-0.46617942016130465,-0.32748434706074053
-0.3626320647277126,-0.3467912627468385
-0.23570226039551584,0.6802199200821765
-0.28054793137046247,0.9952240056666881
-0.4513631932333291,-1.2230774083353921
1.6638339793111805,1.6639900629673272
-0.18544141877152934,2.9361094033708945
0.2589043525093582,0.8975117513678921
-0.29652397498284383,-0.1952314104632814
-0.31476084810235605,-0.3223317696954135
-0.6328050811991062,0.3732288527719777
-0.22360679774997902,-1.218191206822001
1.52127765851133,-0.5568080058033745
-0.3681893266808397,-0.7639522316878696
2.147029723148471,-1.765939115322763
-0.2789521163999137,-0.27883622958921067
-0.4256530497870445,2.1006291091234446
2.4130502835804175,-1.3266474160216455
-0.3626320647277126,-1.7851375590406222
-0.33333333333333337,-0.6041130488863923
-0.4147116440040031,-1.147369601811064
-0.333107357906894,1.1908457965140473
0.07812500000000008,-2.33992912084538
-0.3955054753168237,-2.6479720841529
-0.1539311162725768,0.7944935185035704
-0.5349906104512752,-0.2824917213438975
1.0727432645666226,-0.3692431654586791
-0.33209842815007656,0.584269249915253
-0.5643326479831005,0.6667461301456317
-0.2610112354966633,-1.1523544412249238
-0.38779328477109426,-0.3874256739031314
-0.3467657389411195,-0.36244198933435096
-0.23740649323947977,1.3190121165435644
0.28523233549729166,0.28518411235504965
0.5278615073083401,-0.41613768288797165
-0.015959704735425937,-1.387724673320702
-0.2200785700577865,-1.0047841732838334
0.9206016138256,-0.15119431429876684
-0.4175781427533435,-0.2801733888252969
1.628914602199716,0.7103055787605586
-0.5445327701173301,-0.15344601979701428
-0.11337113001049998,-0.11328444257547728
-0.3533066730934465,-0.14626114000983156
-0.3467657389411195,-0.36265490906810854
-0.2398848828777005,-0.8944140388437599
-0.2061440924623817,1.3181442009683428
0.415739709641549,-1.768005354986796
-0.586028464065146,-0.19627308515352052
1.9639610121239315,-1.0955249852595217
-0.030671383606587298,1.2871596013670923
-0.31465544316467403,-0.8870366028010102
-0.2467495343471189,-0.5383341376954898
-0.46617942016130465,3.1802456581226783
-0.33485541126445795,-1.1970667760684803
-0.23740649323947977,-0.48536467813402484
1.4565070557783126,1.5430634841794089
-0.2783647086014396,-0.2786033552539139
-0.3626320647277126,-0.35486242836918847
-1.1041698098371397,2.172040046575883
-0.27378383028995734,-0.2739480317244856
0.7572974234111086,0.7991656292879762
-0.3330932468710693,1.2332951785499287
1.5910171477216666,0.7541607692093655
-0.3626320647277126,-0.3632363278030887
-0.15654290548580913,1.0619873346195372
-0.31465544316467403,-0.15102933803449686
-0.43124434601706485,0.1382705006990811
-0.2332530044638305,-0.011693852360224197
-0.4472135954999581,-0.6589188154289191
-0.2658984310220886,-0.3331324192302892
0.5278615073083401,3.515765690598071
-0.3534511700327352,-0.3531359563604477
-0.22406831897938617,2.0978052117047974
2.262524507868909,0.833635675284944
-0.22479043947872152,-0.4131526680463529
-0.29734928562732166,-2.840777541345767
0.3445843938031584,-0.7717523568314069
-0.6631976363466138,-1.3756869449292706
-0.4147116440040031,-0.8878450191752936
-0.18660662219207072,0.005515275847889514
-0.28958274433796516,-1.7323351766002233
-0.15240047171453014,-0.8607493093063863
-0.35496201385607623,0.6199088527942451
-0.3467657389411195,-0.3625492465565435
-0.8025383458814721,-0.862254559802441
0.30316953129541624,-0.3614525704563473
-0.06467740669081078,2.445765884252778
-0.23844783823531596,1.2362787177631462
-0.08771517371060153,0.05049475565175414
-0.24655254742916463,-0.3270229542382001
-0.1373602947602699,-1.9665212649225499
-0.5162555799103252,-1.959256961475623
-0.13909684652826967,-0.7574416925702177
-0.42367765301687615,-1.9079218929527928
-0.2939512079436314,-0.2930727859848326
-0.2523407064414136,0.9785291306340358
-0.2069794424709746,0.38124660809966443
-0.3529805010782907,1.2222836939013653
-0.6892024376045112,-1.5312550401820237
-0.2624700059084576,-0.2622940533748382
-0.3563404885664402,0.23687076393717707
-0.6194111154782775,-0.7534978164451188
-0.2853382024567058,0.46028780915389705
2.6101049175534565,1.9798130983707327
-0.25289438141751247,0.5284969486542295
-0.356801692100357,-1.9881129692226094
-0.5025707110324167,2.688934555691401
-0.4489269678529627,-0.44875122206689216
-0.4066460055699163,-0.4072145947283456
-0.3192477679740634,-0.08410994067859047
0.4603482701187488,0.3878330090720684
-0.23145109341387565,-0.4438312523548474
-0.28958274433796516,-0.3035084953044561
-0.5403243369542579,-0.406806813378385
-0.07946148665290116,-1.0453320495552272
-0.8674008278675356,-0.4946132094957722
0.28523233549729166,0.2851106196146301
-0.9639815611103626,-0.8730343046437885
-0.47883179855179603,-4.211677110396816
-1.026313219640854,-1.095814887853374
-0.40257818324279987,0.05037788550750153
-0.4147116440040031,0.32602865219787985
-0.3467657389411195,-0.36281195122348564
-0.42933067846181555,4.803393319613984
-0.2933807118893275,-0.4094087845786957
-0.1676974639763223,1.308027171609636
-0.23740649323947977,-0.4003986754717081
-0.35355339059327373,-4.245456486112021
-0.6899514894912827,-1.4174845519425625
-0.28041129304049006,-1.6953597854985332
3.1008267420567055,0.08891161842822286
-0.3626320647277126,-0.37917250720371415
-0.22931600957379572,0.41780327736937667
-0.24229885085847555,-0.22900682113889434
-0.2773500981126145,-2.5276638280221952
-0.29291692792316465,-0.29295971667091464
-0.356801692100357,0.6661417502959577
-0.3626320647277126,-0.3546704915672528
-0.4036520304837775,-0.3392926979360105
0.18569533817705186,-1.0050515576734893
-0.3126283707003366,-0.340746795676196
-0.04057538097164833,-2.065422223144601
-0.31476084810235605,-0.8416695315646388
-0.3467657389411195,-0.36291345468115804
4.258221498598426,1.1760629009720283
-0.3467657389411195,-0.36264210001101105
-0.41089070180665904,1.9556003528404806
-0.23844783823531596,2.030344040222431
-0.3467657389411195,-0.3634861243608416
-0.17360768504574467,-0.1853185770289738
-0.3534511700327352,-0.35358858818485744
0.689630971064539,-1.5206157644055425
-1.1406249999999998,-3.7774661656792325
-0.21781110647148574,-0.26566313022534943
-1.137130105554107,0.87621968472917
-0.25289438141751247,-1.4119621731796699
-0.29734928562732166,1.4150460009179118
-0.3626320647277126,-0.35482384628288116
-0.25371389436431824,-0.6013365286211773
4.581659788469186,-0.6424776013808282
-0.23979278575235005,0.04681006169042428
0.27201617765961716,0.11119044001583626
0.32068982556786835,-0.12442757856199861
0.10341753799900383,-1.450539554394785
-0.22753493423577306,0.5447716248992953
-0.4036520304837775,-0.16959341333004743
-0.2449420767134015,-1.0842786847764518
-0.6860266249355647,-1.9493113436978684
-0.6417214810532981,-0.7177996020384436
-0.1676974639763223,-1.9501287013750597
-0.18174140857560195,-0.18279663148410152
-0.3034090933276029,-1.0813294545552001
-0.2933807118893275,0.19351918927040934
-0.5590169943749473,1.5438339202223748
-0.28041129304049006,-0.27750865432296096
-0.33209842815007656,0.8947108213741413
0.8374036143210801,0.5968166084550521
-0.44721359549995804,-0.40571369584969397
-0.5087719298245614,-0.48214462092010957
-0.21887026206583313,-0.21879723961104242
-0.29291692792316465,-0.29300855325287195
-0.17527218542327483,-2.1617105321337515
-0.5756733353803164,0.6806798531820923
-0.23844783823531596,-0.7929670874512772
-0.5072144940563398,-2.0987854482367734
-0.4751727267162009,0.5822866098439664
-0.30729156057716545,0.8628861560889427
-0.4418661042778928,2.240037085630463
-0.22823424111617294,-4.923707818065889
-0.5941074268415043,0.858630040349814
-0.28958274433796516,1.3426754748130618
0.9692619913656549,2.7499490114314145
0.12936924547063022,-0.7673403382479369
-0.1539311162725768,-3.5086928526301016
-0.21661214442955293,-0.48350651489281665
-0.25554751915138707,-0.3826235216484344
-0.38014296063485276,-1.020767639487411
-0.22092832038816465,-2.4403670292870867
-0.3545092819743718,2.5652762896267096
-0.40012505862428427,-0.7244765799342588
-0.6211299937499416,2.8620140308262796
-0.41627538788157614,1.0869952747881744
-0.2516369982363258,-1.3420781287323145
-0.323306047189401,-1.342037037667984
-0.2583256083521702,1.4835827194212918
-0.6099942813304187,1.1609150248978717
-0.1438952509011647,-1.2823462858486143
-0.3261640365267211,-0.16880027094111455
0.0,-2.508529660983256
-0.323306047189401,-0.44069046705216514
-0.2658984310220886,-0.1923807224827587
-0.12857683574607462,1.9813278116671782
3.628150804593101,-1.0494008498810374
-0.06631200253661278,1.707686664351942
-0.3626320647277126,-0.3467912627468385
-0.6546536707079772,-0.5455476095146721
-0.1973787572221129,-0.4612543334207645
-0.31834886772773546,-1.5889669138084979
-0.18660662219207072,-0.05293721381594615
-0.28041129304049006,1.9383521009436682
-0.48027465172141015,-1.128176057077427
-0.4666666666666666,-0.0802510303413632
-0.25289438141751247,0.818879880227112
-0.2743774361274412,-1.2489083095266067
-0.182487846928297,0.41469763070521243
0.04727194592470652,-1.2234882726340104
-0.35111350417937026,0.37938860865798146
-0.1676974639763223,1.7050737033416898
-0.29734928562732166,-0.6266385418096012
-0.5349906104512752,-1.8485042424125209
-0.7293249574894727,-3.0136161288639465
-0.10229596719817145,-0.620851174871849
-0.30762994457006054,1.023573008056415
-0.23145109341387565,-0.6895666544900778
-0.35111350417937026,-0.7996932216221622
-0.34079027620547275,0.8862625452063548
-0.15240047171453014,-1.362945596045037
-0.18174140857560195,-0.13970098169143916
-0.18999228999682508,-1.4971746889876887
0.1364182928593581,-1.9368642528075244
-0.526201360558434,1.1797285781021003
-0.2325325752854541,-0.6423471934439651
-0.3626320647277126,-0.3543843982397194
0.559807210713193,1.452434004846926
-0.2332530044638305,-3.535994343609753
-0.3626320647277126,-0.346976191337997
-0.4066460055699163,-0.4066714510546046
2.4415415304243377,1.257084378004006
0.28523233549729166,-0.030872279831853047
0.7173190696674875,0.1508181345070519
-0.5273599014036482,-0.21985529717397495
-0.8360796171499413,-1.8697081631201908
-0.3626320647277126,4.86437964140567
-0.5607721540920443,-0.7411657681613818
-0.16821592848262826,1.0912835144729283
-0.4666666666666666,-0.04603668700673271
-0.0861803672707292,-0.1891634049631879
-0.4036520304837775,-0.16959341333004743
-0.5087719298245614,-0.5082706093063646
-0.7707833016659082,0.06399841118762568
-0.37643469624299514,-1.1695140383438278
-0.43073049225394805,-0.32145930387763383
0.013710212427677048,-0.6018265989498296
-0.23523638660630422,0.5020431261771678
-0.32276348142165845,2.2695765820865916
-0.30151134457776363,3.82482069809575
-1.0552236409952809,-1.0553460673228636
0.11300156437623532,-1.6476234600489854
-0.33859958878986024,-1.5390174502257208
-0.2715159776127214,-0.946461179168794
0.15249857033260467,0.21353460583146283
-0.43073049225394805,1.154889078700802
-0.38014296063485276,0.448144766047841
-0.3626320647277126,-0.28326227783224067
2.818496981308453,3.5336938032712526
-0.30762994457006054,-0.35691583189787235
-1.1406249999999998,-0.8369156206855223
0.4720508106620021,-0.6101064910029818
-0.2467495343471189,-0.9851871939325846
2.352484057345255,2.313427341243191
-0.6743912786964454,-0.674340486042673
-0.39189745820487315,0.7565339532238583
-0.37223151323822967,4.361451160930316
-0.6828474602361451,-0.5400367693669648
-0.25819888974716115,-0.3295983368919071
-0.6160024640147842,0.14665492549640674
-0.356801692100357,-0.46327252756597564
0.3378361490971422,0.2851106196146301
-0.6623227397765747,1.8338221735708762
-0.04445990560337307,-0.04405288919682281
-0.6860266249355647,-0.23242115065235114
-0.3757315134649819,-2.729399984855352
-0.23553447377852357,-0.6509166769208136
-0.14024450274407624,-0.14027173684987665
0.0,-3.2099512368330765e-05
0.8111071056538128,0.36659024163285
-0.6635087809810992,-3.4696717379813475
-0.27585082172067216,3.0601454737240767
-0.34576223951208446,-0.6003640255869467
-0.422289205846672,-1.4131186048436875
-0.36083086759455824,-0.2575175935474855
0.3671176574016019,0.33502279279621117
-0.380354499121097,0.8702810381504118
-0.5072144940563398,-0.9459141297158665
-0.7707833016659082,0.06399841118762568
-0.4751727267162009,-0.6077537052354365
4.003439495294365,1.4001169001974536
-0.2625125839532228,-2.2171916320098295
-0.25554751915138707,-0.20785885235618
-0.11486296834355922,0.8302196539831281
0.28523233549729166,0.31131512388558713
-0.35355339059327373,-0.7996932216221622
-0.3563404885664402,-1.4180982418551853
1.5483074638115464,4.0638104433307
-0.2783647086014396,-0.27840750040746115
-0.18660662219207072,1.393977900620822
-0.2625125839532228,-0.31863207716819425
-0.22310697529882786,-2.6768368026426086
-0.5046482178018636,-0.4947717990860458
-0.3534511700327352,-0.35388224198106033
1.0,1.0000715940657117
-0.4612656040144426,-1.454636445826462
0.7215741759088824,-1.4124805409862513
-0.7740235306730042,-0.4910257161012922
-0.20497523080928584,-0.7573750742087076
-0.6417214810532981,0.39941486658084946
-0.45993310550389993,-1.2467810580241763
-0.2467495343471189,-0.6624209110865649
0.4870900524383864,0.35823229845174304
-0.6488856845230501,-1.9455432846929392
-1.0096535805580478,0.3359487789769684
-0.3330932468710693,-0.5640724322484663
-0.3497843661075296,0.6056768096568638
-0.15240047171453014,0.2006250596017236
-0.40983282004698335,-0.1891651071135966
-0.6417995616961756,0.6539097019670371
-0.4400359866366432,-0.1918351328891983
2.8151622745700933,1.6695297229625672
-0.36380343755449945,1.975615802529422
-0.6079284685458652,1.3554751130161313
-0.7092081432669752,-0.7211503797538658
-0.4094468807121798,-3.1729784742857206
2.1972748220353826,0.532362710822877
-0.39633756023989714,-0.42492118070619717
-0.3626320647277126,-0.35482377929415276
-0.43124434601706485,-0.7656401294569232
-0.2773500981126145,-1.2335887593419645
-0.11381079030029159,2.706021946321908
0.08845315641736934,-0.6089767339676074
-0.4602542043889781,-0.46029856108837786
-0.3679700729843798,-0.34776214625495283
-0.3963762451287451,-3.2748874122508376
1.0392304845413263,0.34676042098582943
-0.917662935482247,-1.6688356224853083
-0.46644172323981464,1.2861621298402524
-0.17360768504574467,0.3717177407363654
0.751287103268754,0.36187069246245585
-0.29646413317158526,-0.3365332405344325
-0.4417535910673603,-0.32641203131510843
0.007158124616282062,0.4396180800915997
-0.1773185282623231,-2.7532374011863103
-0.19578129329387076,1.1061498911483432
0.06074567392307871,2.000423073087951
-0.06299407883487125,0.4087744450368433
-0.6454972243679028,-1.6407298957060268
-0.2743774361274412,-2.376049900847401
-0.3779644730092272,-0.4456560046495686
-0.03539492088447302,0.7903609822585547
-0.8008434372400539,-0.1069703682598865
-0.06629038032297163,0.848786446721492
-0.3626320647277126,-0.347012804162286
-0.182487846928297,-0.19745775955262154
-0.3626320647277126,-0.3548245814415169
-0.15654290548580913,2.614002089403894
0.8049733304776433,-1.8428481654415236
-0.3569927194123251,-0.6429929483322976
-0.38779328477109426,-0.38778095111446703
-0.21457760209856588,0.793815061182717
-0.3626320647277126,-0.4939027606713399
-0.1539311162725768,-0.19791134053210185
-0.05792844463634919,0.04067084997033771
-0.09576470009359644,0.13470987379224086
-0.34079027620547275,-1.6476550000454406
3.873625314090687,2.3083084046344964
4.145562845933931,2.117100709763413
-0.23274276497959479,-0.9628535062934509
-1.1832159566199232,-1.526311009273085
-0.15654290548580913,0.935906334590804
-0.3626320647277126,-0.3546174929873744
0.07667845901646796,1.5241414758858496
-0.1472928103329803,-0.9538330395237353
-0.182487846928297,0.17424519998289775
1.2534920378611876,0.22468871932977158
1.257028935834798,1.3109068530584047
1.46078725766243,1.894175839540394
-0.8112086463534661,-0.36500253665425136
-0.14629440701053054,0.3729270346288237
-0.2332530044638305,-1.149186920374741
0.15949044456577993,-2.079513356260622
-1.0,1.783614414769275
2.039689594585743,-0.1839854328708727
-0.5791256432115508,-0.8938558757681553
-0.3626320647277126,-0.3634861243608416
-0.5733821790809959,0.8947750285671978
-0.15843789283357507,1.078638022030576
-0.2537907584204312,-0.5291802957690983
3.3978240031820897,-0.7535507108287282
-1.0,-0.999885879369651
2.8196374109515845,2.8197522605075913
-0.14417808340715893,1.4184202343167964
0.5878803211399749,1.8792017660342848
-0.4036520304837775,-0.40370925911233313
-0.16894641885426284,-0.4154289225645679
-0.4666666666666666,-0.5041141914241188
-0.1676974639763223,0.33091701253720934
-0.18174140857560195,1.6009651001855039
-0.43124434601706485,-0.5528920063725962
-0.741520662626687,-0.5570418664668261
0.7882528229627712,-0.3171198729416705
-0.5302810606912027,-3.584440541719136
0.3166965991371624,-2.8575351094762107
0.9968927941457137,-2.6944222991250983
-0.17558627238573485,-1.286613134788481
-0.3281249999999999,-1.6720417574567241
-0.4227812216178209,-3.9371625938814754
-0.3626320647277126,-0.36245394661207614
-0.35496201385607623,-0.399182419031973
-0.6981063280002046,-0.061424347796574665
-0.39426663341890567,-0.3946514486233985
0.2260417893022193,0.8376489794993989
1.2977713690461004,-0.42459973301922943
-0.21667583935520543,0.25410334662931755
-0.18660662219207072,0.19028433746959048
0.18814417367671954,-2.9759589799740156
-0.33675513204069585,-0.7190767269224609
-0.4417706308963743,-2.390579480916067
0.1564290148590332,0.6875426409624866
-0.8619120583202362,-0.862203728371721
0.2260417893022193,-0.21812618774520415
-0.3281249999999999,-1.0719188269845041
3.611728947091842,3.6115571296306004
-0.5686416212459071,-2.8652138898981026
-0.29850626258950874,-1.227808874722023
-0.20688703622450702,-2.0101376458253695
-0.2179278849579849,-0.8398557065306844
5.828308984297558,3.665916651157184
-0.34615334609447795,-1.5778530120088123
0.3128208017754786,1.2510064008838973
-0.36083086759455824,0.3814869394071439
-0.4400359866366432,-1.1974914656062927
-0.24655254742916463,0.6200546864356867
-0.1676974639763223,0.17294210909933327
-0.48470781406821356,1.0959308227869473
-0.06043978852154992,1.4043838797890607
-0.3626320647277126,-0.3041418542679441
-0.5261563368406258,-0.6933794594906106
-0.18660662219207072,-0.2587330690665582
1.6593082789999298,1.6455112687007116
1.636564679150991,1.6361359624297016
2.7950849718747373,-1.4031586455112992
-0.4227812216178209,-1.7171374125083325
1.8647179300730001,3.0092401296200695
2.0035767539750533,0.8044740020397017
0.5248906591678237,-0.9334421227906035
-0.40257818324279987,-0.32748434706074053
3.1923046832671202,1.6580616115619213
-0.3626320647277126,-0.35477808293891705
2.6336768362258196,2.6339375040326316
-0.3467657389411195,-0.3628510801980513
-0.27615410246686733,3.9445959797806602
0.4042260417272216,0.9415036421612119
-0.3600696364334621,-0.31094316544817174
-0.5791256432115508,-0.49154684545079436
-0.16894641885426284,0.18035304695108342
-0.3270155401477105,-0.2718174432970641
-0.31834886772773546,0.6248309156420818
-0.7539567953153978,-0.7537401344437689
-0.2524843362733941,-0.7513231145146286
-0.21592140589681488,-0.4305655007089732
3.179972595059453,0.7470144453405398
-0.5302810606912027,1.2116969702336156
-0.3052574443204675,-0.2781514748989408
-0.2773500981126145,-4.012113447975574
-0.22360679774997902,1.701761734183587
-0.23274276497959479,3.2478487583543503
-0.3126283707003366,-0.356167525499818
-0.4066460055699163,-0.4064065259902473
0.0,0.000276536550572885
-0.4548524243285743,-0.8190335877534827
-0.36083086759455824,-0.9431991376022257
-0.30037200785554913,0.4613234919422094
-0.25601986919949943,-2.073454246231932
-0.2783647086014396,-1.7960723743865783
-0.15240047171453014,1.6331077171818968
0.08289871072207038,-0.038714060014279024
-0.4400359866366432,2.4480826003222584
-0.3626320647277126,-0.36244552727948026
-0.43524517414231,0.8012634774311508
-0.47328638264796924,0.011086002785586626
1.9867088584049684,0.4529895717915095
-0.2537907584204312,-0.6727704829163892
-0.29646413317158526,1.7492093344469326
1.6117324245450158,1.6118587091131504
2.603075104563831,-0.04815386506222133
-0.32430259844180354,-0.07892913166344658
-0.3563404885664402,-0.47960486945769015
-0.38576195279905545,0.14196306236739933
-0.5745430389308878,0.08653070796017545
-0.182487846928297,0.8480198050853625
-0.5474597797989041,-0.5447654848431317
-0.33471360148752083,1.509278659353714
-0.21205944175735583,-0.4299865421927992
-0.5360180148932754,-2.0703011018119897
-0.43124434601706485,-0.3489585796565984
-0.33859958878986024,-0.33843824747238854
-0.7401349177750388,-3.0441897419920156
1.6398244998303637,1.0733359053815579
-0.43124434601706485,0.3346386303833512
0.6614378277661476,0.2339684523407638
-0.22360679774997902,3.115892139291865
-0.3534511700327352,-0.3532309467222879
-0.5025707110324167,0.7276097741177057
1.2249902866573308,0.13755429526345447
-0.21753988091669677,2.6852443682758107
0.0,-2.508529660983256
-0.22310697529882786,-0.219203985520022
-0.07335779000679411,-0.07378846953324054
-0.3626320647277126,-0.36296826392239606
-0.2227499039198556,-2.5602974425048908
-0.4898979485566356,-1.8245708541393928
-0.356801692100357,-1.0995809580783997
-0.32392216939600366,-0.3236971844715403
-0.6220958035515719,1.2345181417049274
-0.30151134457776363,-0.19661828309268725
1.9528640159823336,1.7851232482661825
-0.1472928103329803,-0.5346530882502358
-0.3626320647277126,-0.2798467108664214
-0.47092718607226064,2.151945735730121
-0.7377253439645218,-1.1012795370995767
-0.6600534252362451,-0.10609416047990432
2.445776414681653,-0.009652440153598322
4.363125034680921,0.2524979423781846
0.6801370931162731,0.609161198423635
-0.481125224324688,-1.253461299994176
-0.5591957286595804,-0.5605181862359282
0.07773220743364721,-0.644293001408984
0.8087360843031886,0.7546489038576736
-0.3077287274483318,-1.2551712749065191
-0.3626320647277126,-0.35467591844284185
-0.5773502691896257,-0.6986490306777737
-0.7951465679458908,3.985577250117424
-0.2715159776127214,-0.19935077079408936
0.2260417893022193,-1.2540786259754193
-0.3779644730092272,-0.3673477057548484
-0.27342449002532343,-0.2735371442467384
-0.5162555799103252,0.6042841135728703
-0.41627538788157614,1.6484207333958247
-0.1676974639763223,-0.000263009380352933
2.5214632379547206,2.6336068958625876
-0.5743721236720253,-0.4129098166891079
-0.30067463352017654,-0.4127680866358133
-0.48470781406821356,1.0145124167739192
-0.15546441486729431,0.3436567423788108
-0.3467657389411195,-0.3626037905702308
-0.3126283707003366,-0.340746795676196
-0.15654290548580913,-0.5047204561887813
-0.2523407064414136,-0.3692867543563538
-0.35496201385607623,-2.1289954938109394
0.039793608465966954,0.2865585125322642
-0.3034090933276029,-0.18373953272554722
-0.3160366485159529,-2.348187881917097
0.09522707881311965,-0.5147440260365403
2.5031247609954086,-1.193262491605538
1.2257519729571482,1.2255904770838035
-0.4383570037596047,2.15994488545962
-1.0113430344695038,-0.48443240170376894
-0.28958274433796516,-0.32002646782418126
-0.5723514714723391,-0.48385234442981434
-0.4383570037596047,2.2496817335598616
-0.5466831451766817,0.0673571003356964
-0.3563404885664402,0.06480346811472328
1.2403473458920846,4.233686882401402
0.08928978187936051,0.664130295591894
-0.7038153430777867,0.10744375994441596
0.38837866680189276,1.0139176533868397
-0.30762077008957145,-0.18348905611413624
-0.3270155401477105,-1.8882984074312816
-0.3261640365267211,-0.3677227610873293
-0.19726099821091522,1.737334546931195
-0.2785406255932669,-1.8728104349826482
-0.3052574443204675,-0.3531039265606195
-0.2585438449975096,-1.5206370444483526
-0.1731092682308135,-0.7328732219408534
-0.6201736729460422,-0.429568197024238
0.7385489458759965,0.8005204650194384
-0.18544141877152934,0.11227378759674182
-1.0,-0.9998144749391187
-0.22643643672220642,-0.22615999564918476
-1.0349539637650413,-0.8094159007932287
-0.3626320647277126,-0.35468498375349505
-0.5849151039431204,-3.3967222280864124
7.256365757365275,-0.7466230475419352
-0.3626320647277126,-0.3549527023319615
-0.5162555799103252,-0.1688311775754163
-0.4898979485566356,1.7675514900396847
-0.26971418736780167,-0.2696559799681277
-0.40257818324279987,2.2524424210616623
-0.5157666574055942,-0.3153690724553086
-0.5184758473652127,1.3344691748730795
-0.13629080832138432,-0.8479077322724555
-0.3626320647277126,-0.3628747045269915
-0.07956816385780804,0.3732288527719777
0.3445843938031584,0.6567549638384689
-0.3244606237514054,1.6654303088511524
-0.38779328477109426,-0.3881040582487952
-0.10580135868719318,1.2964875961705433
-0.4751310967331989,0.616518030824846
-0.5733821790809959,1.3880436967794771
-0.33675513204069585,0.043033667178016814
-0.011700174703768308,0.4635732413004784
-0.21592140589681488,-0.16553962679627432
-0.3681893266808397,1.593317088435536
-0.9262116498428252,-0.670690439121723
2.8241804624395113,1.087951711105185
-0.8008434372400539,-0.7906990350118506
-0.3757315134649819,-1.2547952590571751
-0.393594749682311,-0.6160831165277588
-0.19578129329387076,3.329243451376739
-0.30729156057716545,0.33661729876063534
-0.14288630630398277,-0.14242975024672755
-0.3467657389411195,-0.4707558175787619
2.2832060769143765,-1.8229730595088984
-0.18174140857560195,1.5675216809800374
-0.12451209902669708,-0.870965403751231
-0.21592140589681488,-0.6852258660401495
5.696096116892647,3.408538022439834
-0.4666666666666666,0.055607329927426945
-0.2941398585082663,-0.3024129930323553
-0.6783234474692018,-0.9165331013198968
-0.2743774361274412,-0.5849073914567915
-0.3052574443204675,-0.32985536158851686
-0.3452612025890616,-0.3428769218466016
-0.11053161429609386,0.7484799974256899
-0.24937305030929757,2.926016252389185
-0.2061440924623817,-0.9316593259888475
-0.5,2.221089012332211
-0.2136338423310905,-0.0992422863580943
-0.30067463352017654,-0.30941389293396354
-0.5659164584181103,0.23178320792732499
-0.23553447377852357,-1.525033753769429
-0.36083086759455824,-3.120828543161467
-0.8745309996070713,-3.1095614983228868
-0.4036520304837775,-0.40377119551646135
-0.1935491729581868,0.21217430138667748
-0.2658984310220886,-0.29289022422061917
0.1364182928593581,-1.9384177017736957
-0.25819888974716115,-0.5460198253885296
-0.2682576213165664,-1.4613127957667853
-0.06065707591507203,-1.5242338999776075
-0.28919983517401315,-0.3797450975882747
-0.48470781406821356,3.4803320070112402
0.7352761546779711,0.2575505516123531
-0.22271512133890733,-0.22194212899670118
0.5805914826557748,0.21949382239542092
0.39808585024030335,0.18045501557928464
-0.0018808426256853843,-0.001907845456573085
0.046225016352102404,-1.4317139972142021
-0.6326189237794746,1.613747456490119
-0.21592140589681488,-0.8055394030167096
-0.23740649323947977,0.5361476791431293
1.8627821875562764,-0.9856571512700251
-0.3626320647277126,-0.35471586040650854
-0.28643762257759886,1.7635061285466862
-0.2658984310220886,0.6921911228324366
-0.2682576213165664,-0.5680760196994297
-0.30809607984773196,-0.08659191211762515
-0.44822530856139847,-0.2335219998467858
-0.20688703622450702,-0.8620031396838859
0.35069129871968097,1.1390879147043067
0.4166470751253572,0.06557841076195683
-0.4066460055699163,-0.4065700836453813
-0.4256530497870445,2.4074243046606014
-0.8025383458814721,-0.13479863790728877
-0.3626320647277126,-0.3463538804547739
-0.7601848212319197,-1.5937077009199296
0.5590169943749476,1.9310177267179505
-0.3057755050971648,-0.7637975129610606
-0.40099780400916324,-0.5058314635062554
-0.24697803864142356,0.7445357234984731
-0.2773500981126145,-0.25166924075285185
-0.7844645405527361,0.45110645341909394
-0.36083086759455824,0.2976631397074747
-0.18940548952415137,-0.7496165132864467
2.960921423876576,2.9613713437490388
0.9330967357222959,1.9338724018377083
-0.4256530497870445,-1.4226724313021135
-0.509144906561216,1.0041569846097904
-0.2941398585082663,2.913822275237005
-0.1920874549819581,4.796958805278849
-0.3626320647277126,-0.3548303172741483
-0.7067823458488969,-0.30208243266228724
-0.2783647086014396,-0.2773293924301556
-0.5376162432255781,0.12599280351817146
-0.3261640365267211,-0.8374176802512098
-0.2200785700577865,1.9863941664279492
-0.2585438449975096,-1.2402998339686424
-0.15240047171453014,1.237653112338011
0.7572974234111086,0.7991656292879762
-0.4094468807121798,1.1566667529365307
0.8617274844321391,-1.0098994982269005
-0.2783647086014396,-0.2783486430531169
-1.1567034896476118,-0.8127802329821654
-0.3626320647277126,-0.35460352987290106
1.0934221306154166,1.094158339617706
-0.1579294102875659,0.7425081799401886
-0.3681893266808397,1.1320639744787138
-0.7181062370267827,-0.7712574900779403
-1.1406249999999998,-1.1575757409026497
4.815033447773587,2.265462434390474
-0.23553447377852357,0.3967890655600486
-0.2061440924623817,-2.442720669368874
-0.40099780400916324,-1.7172878407123977
0.2881173077265283,0.2883324908693475
-0.3497843661075296,-2.077095109294336
-0.2467495343471189,0.4812835208791779
-0.3626320647277126,-0.3624886056681073
-0.20896756891418602,-2.1506654092313116
-0.4833801129357672,1.3495880224409729
-0.25554751915138707,-0.28872521704644777
-0.9803608768776563,-2.741533421968478
4.103146533307582,3.848115457175021
-0.1497017640766475,0.5909772880604673
-0.05922074976410768,-0.4628528283673129
-0.2658984310220886,-2.613059113701391
-0.4781825347975037,-0.21028706307619027
-0.41089070180665904,-1.7100597866417264
-0.8697956671643065,0.508646185758157
-0.08043320784485986,2.3587511581554055
-0.5745430389308878,-0.00889980237949862
-0.4612656040144426,0.18986228249512344
-0.4489269678529627,-0.2586167247252891
-0.1676974639763223,-0.4438312523548474
-0.4524370101133425,-0.36443669608291135
3.33386168916501,-0.030717903973840603
-0.4787363072933691,0.3307198222670125
1.6131985738135954,-1.4951669595540662
-0.33533709985662086,-2.306562417721055
-0.3626320647277126,-0.35458480271026965
0.22699055229393253,-0.2936435557912582
-0.47351372381037843,0.4973561382971518
-0.30729156057716545,-4.026572803967839
-0.2701837093478534,2.314409329296474
-0.4069714658730868,-0.40674437178367323
-0.1539311162725768,1.782698159337936
-0.2783647086014396,-0.27878061201218934
-0.2939512079436314,-0.2935895934092803
-0.23553447377852357,-0.366274220475906
-0.2523407064414136,-0.3658538261311753
2.8151622745700933,0.8415033843688352
-0.2061440924623817,1.3005724607094777
-0.2939512079436314,-0.3902034003580097
-0.3626320647277126,-0.3544765474245892
0.10363328037802,1.5196549292709896
-0.3545092819743718,0.2220591285727933
-0.43199443112730196,-0.9212432247146116
-0.36696504144929837,-0.2732102987836512
-0.0327034970083864,1.2983781643115306
-0.5464307572219582,-0.8496766627376257
0.10640706634484358,-2.953636038722757
-0.38837866680189276,-0.43512422092975495
-0.36083086759455824,1.1589115971877724
-0.15789473684210525,-0.1580129366996054
1.4894372037501034,4.324301214075428
-0.31834886772773546,1.38357362355611
-0.38779328477109426,0.45243962838657914
-0.2585438449975096,-1.7148402663457725
-0.40946838906956995,2.108277521150367
-0.21592140589681488,0.8092135641224729
-0.31319745058312837,1.6916044171758857
-0.33859958878986024,-0.3385485106720504
-0.46644172323981464,0.054089088087025665
-0.3796336136177292,1.3536563204227814
-0.22310697529882786,-0.8484785798601303
3.7543521962208177,0.814098812655285
-0.6354411766316301,-0.16457769628582666
1.7412884773917636,-0.295732780331474
2.7084527823672957,1.235080795595116
-0.17282106869451105,-1.5018430510854262
1.6980537628325105,0.046167032401677854
-0.21611051086425964,0.4898863517030881
-0.3261640365267211,-0.422036887097848
-0.43368338427964076,1.5165906350321998
0.9330967357222959,1.9338724018377083
-0.3486627648942974,-0.40965244707582116
-0.29403287471319217,3.2374005951576987
-0.2200785700577865,-0.9401755488187865
-0.1793398535332015,-1.4898840242269116
-0.2516369982363258,-2.5059369559330853
-0.35496201385607623,-2.277621966292145
-0.41627538788157614,0.1583508517764394
0.21351010271201679,-0.19023991750084673
-0.2336458709882627,-0.8419553963853715
0.24693239916239737,-1.8600266196599966
-0.3626320647277126,-0.354229880081065
-0.3626320647277126,-0.28326227783224067
-0.2516369982363258,-0.49246101419383925
-0.3626320647277126,-0.3546273009897593
-0.47328638264796924,2.447644521379721
-0.3375115875614844,2.3855357607855363
-0.15654290548580913,0.5138483861743735
-0.481125224324688,1.236950849124571
-0.1472928103329803,-0.21038645005147957
1.5412210761264804,-0.9302794113876647
1.7070399251736657,1.5809179582026256
-0.3467657389411195,-0.36257463850530725
0.07395041955334923,0.8549521861359789
-0.37532594530273455,1.0753492808867235
-0.3797869236187824,-0.08319639291471674
-0.14629440701053054,-2.5631610934631235
-0.33333333333333337,-1.5754244142162828
-0.3034090933276029,-0.39860084020005926
-0.36083086759455824,-2.2754771069155835
-0.0780868809443031,-0.07802398671396653
-0.22360679774997902,0.4716551007753171
-0.8751857342005338,-0.5329943723811146
-0.4256530497870445,-0.5629928638529225
-0.2783647086014396,-0.2784395417489955
-0.8258214453721517,-0.8230852214155756
-0.2589148317940999,1.0898184071291048
-0.15654290548580913,-0.09040145282298684
-0.23341115002161758,-0.23275207507699858
-0.2198402254226647,-1.5257077358405122
-0.480822368945951,0.4412935423510959
-0.32430259844180354,0.934230184179007
-0.2449420767134015,1.6278118450191108
2.4830636511256414,0.2843772969274923
1.9744157321953753,1.107411634587523
-0.15240047171453014,1.4184770589740785
-0.5613137241850535,0.3478085852607634
0.7174915805053429,0.025882552747802476
-0.6902013856519743,-1.508983168051131
-0.715342288690771,-0.5680423014805832
-0.23740649323947977,-0.1894358017266935
1.0,1.0003472154343944
-0.3057755050971648,0.08726117913856617
4.172418736847317,4.3091079867008295
-0.34576223951208446,-0.6913385054606562
-0.32444284226152514,-1.2355741613846052
-0.4666666666666666,0.7371606274067595
-0.41627538788157614,0.25860762305267165
-0.2941398585082663,2.0038213898607324
-0.2773500981126145,-0.3490408304783909
-0.182487846928297,-0.3310343576870829
-0.3626320647277126,-0.3547178111371445
-0.2808311990764621,0.43218575510048757
0.3348488931790684,-3.5079306687802156
0.5105958117542204,-0.24712441323577738
-0.31465544316467403,2.856571364988418
-0.49999999999999994,-0.29822293170078096
-0.1676974639763223,-1.9949330044132576
1.6712580435934665,3.09819731019384
-0.40042171862002696,0.28593721797383514
-0.5630324549140188,-0.3698123297285857
4.821203520525038,2.417193927658098
1.0934221306154166,1.0933041175446387
-0.2743774361274412,0.4677494025342072
-0.47105571976599586,1.2341971797707194
-0.36083086759455824,-2.461571820348767
1.752045919203671,-1.7826061965255071
-0.3678874348341116,-2.1885817746625658
-0.23553447377852357,-0.056963931987847376
-0.6868028197434451,0.4008004563319398
-0.5070440681422875,-0.6680440609099703
0.06616446240281224,2.874214791370444
-0.9719307827692591,-2.028272921871247
-0.4660100479128386,-1.3396453934912227
-0.7036375333501774,0.27342304143156376
-0.6635087809810992,-1.8335691724670846
-0.2773500981126146,0.295566677847187
-0.2467495343471189,-0.28397527925653876
-0.37532594530273455,1.8870800817884954
1.9518258923522263,2.962297757981222
3.1008683647302115,1.1164169541862716
-0.2783647086014396,-0.278086293635675
-0.30729156057716545,0.49750147030385306
-0.3963762451287451,1.3417546520746568
-0.21592140589681488,-1.2171451273650453
-0.22479043947872152,1.4287714185123357
-0.3681893266808397,0.5247143514905901
-0.255604358059717,1.1247570479683657
-0.3796336136177292,-0.28922632445607227
-0.8360796171499413,2.559271200556897
-0.4069714658730868,-0.4062814972449282
-0.28222601683750315,-0.08936647376422602
0.7449023988334755,1.760303716945791
0.4512754398771106,2.523448807147823
-0.23570226039551584,-0.8292544778485917
-0.5590169943749473,-2.090065727384574
-0.6631976363466138,0.5034645508526956
-0.08189105892062522,1.8054488673538533
-0.19726099821091522,-0.7810633046711224
-1.2360509453847948,-0.6429929483322976
-0.3626320647277126,-0.3546771110984605
-0.9354143466934853,0.7814863509133623
-0.25289438141751247,-0.5075089811623223
0.8049733304776433,-1.4291759374093502
-0.3757315134649819,-0.4528836246584294
-0.2658984310220886,0.2588919077371535
2.7280905183124324,-1.6366371472247947
-0.4489269678529627,-0.4487749667820604
-0.06629038032297163,0.8524614439428784
-0.47878949546545047,4.345463368966847
-0.4036520304837775,-0.40398209471171015
-0.34071616853842096,1.544540279458332
-0.48470781406821356,-1.119666674588522
0.1656575966502601,-0.3856179639305525
-0.15654290548580913,-0.40662535849691567
-0.3678874348341116,-0.7619944060148429
-0.4014569007113843,1.2085803071228076
-0.3678874348341116,1.9228377893701898
-0.21386001910134225,0.5414456588586659
-0.3467657389411195,-0.36272615870560804
-0.3626320647277126,-0.3545743981033828
-0.3626320647277126,-0.4128702261670198
-0.6386770926846236,-0.2718483754124209
-0.7559289460184545,-1.4845134902534973
-0.39189745820487315,-1.5644003007960041
-0.2278136851791154,0.07440858374744728
-0.16894641885426284,1.264235223176389
-0.21386001910134225,-0.10414623923896536
-0.31319745058312837,-0.7584656773329843
1.0500042000252003,-1.0188731524850747
-0.3935010152342155,0.8222907546656142
-0.2999024144992147,-0.9807751035458749
-0.3626320647277126,-0.35448016465974447
-0.29850626258950874,1.7402787517779112
-0.18174140857560195,-0.27793566045218987
1.533333333333333,2.145951724150418
0.532713603903433,-1.1251770741818738
-0.480822368945951,0.134898618059384
-0.25554751915138707,-0.11638427080741733
-0.045883146774112336,1.5435690524046641
-0.2658984310220886,2.8453940816403676
0.14910060980509607,0.7984667488951684
-0.21592140589681488,0.2149711713172475
-0.7605290274871953,-1.2038345049654955
-0.6032625708951044,-1.3145413788843572
-0.22360679774997902,2.1764458683208083
-0.4175781427533435,-3.3259213557822216
-0.5025707110324167,0.23886796018206832
-0.3757315134649819,-0.8947038503424639
-0.7518820606756281,-0.4121489032845609
-0.2523407064414136,0.7432260476803166
-0.20688703622450702,0.2493509312258808
-0.16943139854749587,0.7178288416253317
1.6015380465887046,1.3924423263741676
-0.3467657389411195,1.5811564174230444
-0.4069714658730868,-0.40658522322848806
0.323459942681583,0.15954769680545633
0.4586632576457472,-1.8003954331515968
0.532713603903433,-0.10294810796821514
-0.2467495343471189,-0.3897975069970489
-0.527307786408087,0.05060288850467034
-0.5162555799103252,-0.1966666766854479
-0.3077287274483318,2.96357325469818
-0.2092298606498467,0.06440074493016451
-0.30809607984773196,-1.1411890891880105
-0.26926455645061087,0.23846121590151154
0.3378361490971422,0.2853707540853772
1.0191550159695972,-0.1735324009782266
-0.40099780400916324,-1.4602523946223358
-0.7605290274871953,-0.6852789083346197
-0.1676974639763223,-0.8400759492140677
-0.355959939659283,-1.6513443325231338
-0.4066460055699163,-0.4064009737257476
1.9902156111664515,-1.7827381627504981
-0.1676974639763223,-0.9861683231962479
-0.10725286827332042,-0.8846628490170734
-0.3467657389411195,-0.362460052939395
-0.6386770926846236,3.9081907610715003
-0.4256530497870445,-0.5671880883637674
-0.3626320647277126,-0.35487089147225387
-0.23553447377852357,1.6861291083429208
-0.5590169943749473,-0.059574394600432574
-0.30151134457776363,-3.101411097356628
-0.323306047189401,0.5493725167962019
-0.3645114082465039,1.2839233448961027
0.13388702788394174,-0.8524226924274909
0.4786128095119998,-0.25179923966771395
-0.8751857342005338,0.10038412998656172
-0.07335779000679411,1.81899741515574
-0.3052574443204675,0.22749554045174714
-0.3261640365267211,0.24992583718332156
0.08289697003848384,-0.5614237731937601
0.006918717253126614,3.0006699076360714
-0.23740649323947977,-0.1818840646618191
-0.2743774361274412,3.4125815202878393
-0.1483304897081611,-0.1997367392964256
-0.422289205846672,0.8482480515887434
-0.4811252243246881,-1.8932007499435077
-0.35111350417937026,-0.4142006776914076
-0.47328638264796924,0.6972687222472338
2.8010578789184954,2.000147944281293
-0.4383570037596047,0.6598085382384551
-0.1472928103329803,2.041146685530136
-0.3467657389411195,-0.36274077151954415
-0.3626320647277126,-1.7851375590406222
-0.24577414542508097,0.47572671259553645
-0.2818702464305036,-2.939890220361249
-0.28958274433796516,0.08800676325543426
-0.10582098428508266,-3.2587166315306053
-0.22823424111617294,0.2929845564898999
-0.2941398585082663,0.3849282390825751
2.622702424222711,-0.44953850799348055
-0.3467657389411195,-0.36245394661207614
-0.3533066730934465,0.12729410995148305
0.2260417893022193,0.5231884952162117
-0.28919983517401315,-0.38018922075456996
0.23295245889542274,1.9851149346557466
2.0024458857127767,-1.0305412169594752
1.0701754385964912,1.8569856884457552
0.15691973428978237,0.6586507854035585
-0.4256656229607142,-0.3836438127931858
-0.5168250843084334,0.7772977466914727
-0.1579294102875659,-0.12303510088955259
-0.1539311162725768,-0.27199790568527665
-0.3626320647277126,-0.36299692825740354
-0.3626320647277126,-0.36333472025571517
-0.33461385442476504,-0.22625917695996473
-1.0,-1.000148781585763
-0.3467657389411195,-0.36244552727948026
-0.2523407064414136,-0.4978829880825211
-0.6631976363466138,1.3561690605526635
-0.3467657389411195,-0.36242144005324284
4.294464949984618,0.6463413776409745
-0.4256530497870445,-0.2810419710693702
0.13689457893701035,-0.42955167279793244
-0.16894641885426284,-0.3192496002504253
0.5309016979529362,-1.3928018958677448
-0.3626320647277126,-0.4707558175787619
-0.2715159776127214,1.4178423191919611
0.5393308788692646,0.5637382195957757
-0.3356323768933935,-0.35370570428223885
-0.3467657389411195,-0.47525055171258584
-0.4481107149482209,0.2909659273993169
-0.16894641885426284,0.5020692541699558
0.0017171791808990942,0.0020569222487569813
-0.3497843661075296,-2.4002854536473173
1.0690449676496976,1.3171984694402978
-0.18174140857560195,-0.5757577097837154
-0.31834886772773546,-0.3595883361564989
-0.43368338427964076,1.131624836970178
-0.323306047189401,1.3317699801143845
-0.1472928103329803,0.547651657915144
-0.6899514894912827,0.48595097736562926
-0.3890263893129736,-1.5222838256809583
0.2445969275262322,1.7947232498991792
-0.4612656040144426,1.7067506752977621
0.05445327701173303,1.896501154860902
1.1937025659785352,0.07092024317940399
-0.3563404885664402,-0.7749579386094595
-0.22643643672220642,-0.2261285036156075
2.026505649189962,0.3074263435519928
-0.2682576213165664,-0.5410708481758362
-0.15240047171453014,3.7645014732926256
-0.2227499039198556,0.9125663448324178
-0.06299407883487125,0.4087744450368433
-0.38014296063485276,-0.026888826077341478
1.5483074638115464,4.0638104433307
-0.603022689155527,2.8027191414387005
-0.1579294102875659,-0.05409740932749681
-0.5302810606912027,3.158913250086557
-0.9719307827692591,0.7113262083007288
-0.33209842815007656,1.8872851277987144
0.3378361490971422,0.28522785284088553
-0.43124434601706485,0.7876098589321321
-0.49616076966303774,-0.7695046031655479
-0.309534776794945,-1.1683519958193929
-0.5046758112081504,-1.5463703073251036
-0.1524443128136203,-0.02110749992265107
1.1422339765665355,0.04569125499083774
-0.3077287274483318,-1.4968856338768377
-0.15654290548580913,-0.5943805740389486
-1.0,1.783614414769275
3.0515349327458736,-0.7270800498601782
-0.039478118913131785,2.395580890399414
-0.12180638428352394,0.05221424307744401
3.0,-0.5426090425592265
-0.3497843661075296,-1.6383391427058094
-0.6099942813304187,-15.363672702754506
-0.3467657389411195,-0.36272355210932467
-0.25819888974716115,0.3571278171239261
3.5097275397442016,-2.4543157781466194
-0.18999228999682508,0.5779821804471512
-0.17313244295783242,2.107530491645905
-0.457495710997814,-0.4408908921209963
-0.4698774532189784,-3.6428092242517076
1.4484977636575413,-0.2855796723919353
-0.4658767209447909,0.14807915692957208
-0.3467657389411195,-0.3625756127185443
-0.07996162762590016,2.323605508634812
-0.3545092819743718,0.03754853370536217
-0.22310697529882786,0.29797574508650887
-0.23570226039551584,-2.621283733063129
-0.8360796171499413,1.2979582850137976
-0.19726099821091522,2.2692598197511598
-0.4710557197659958,2.0020460717670576
2.5757560712784486,3.317238810414113
-0.28041129304049006,0.6779713491067334
-0.43124434601706485,0.3195404008947739
-0.42618009792718714,-0.2542137000330536
-0.7377253439645218,-0.6193845088305989
-0.29291692792316465,-0.29349902358255947
-0.43124434601706485,-1.3083688677091454
-0.41089070180665904,1.5783316539508672
-0.34615334609447795,0.7599375390950217
-0.28041129304049006,0.34539210961312194
-0.32392216939600366,-0.3247786876693342
-0.3626320647277126,-0.35467689387356854
-0.6563441090607934,-0.47892591476827856
0.7903643297997555,0.7908515622050062
-0.8663201206225717,-0.9559087243612127
-0.07246583977450868,-0.8839380795665318
-0.2789521163999137,-0.27944460906338486
-0.5378099007490184,-0.30724016656484093
-0.1676974639763223,-0.5703204882792126
-0.2516369982363258,-0.8026898448813602
5.80498210966438,2.875577726670083
-0.7518820606756281,-0.8154915951125756
-0.284417326050263,-2.069284292814699
-0.715342288690771,-1.0643703363214614
1.2038075188222082,1.2034490050621094
-0.42618009792718714,-1.2824519935603422
-0.5,-2.479466350874888
-0.3275944412541006,0.4044110465891118
-0.29850626258950874,-1.12975480100512
-0.3527617178855023,0.18930175386100556
-0.35111350417937026,-0.6047809888324944
0.14877446207995396,0.14781592745271804
-0.1539311162725768,-1.0767522336198134
-0.2808311990764621,0.3327229320079622
-0.8488746876271654,0.2288428873035894
1.2524253712698592,-0.3853939645519996
1.6398244998303637,1.0733359053815579
0.923002400445733,-0.023243379961732848
-0.3626320647277126,-0.3545920134544792
-0.12504298626890084,0.7341699276987356
-0.333107357906894,-0.6724760458446689
-0.526201360558434,-1.1573654450278474
-0.30729156057716545,-0.6984668919705906
-0.5607721540920443,0.5541762273559596
-0.4481107149482209,0.8834501968627554
3.570009708165776,-0.44761669906309515
-0.42618009792718714,-0.43504496711318735
-0.3757315134649819,3.8792502190024187
-0.34744527220624644,1.0532009412084282
-0.3534511700327352,-0.3529610075707202
0.8279809224444794,0.8279751546016477
0.3549377685302124,-0.9373603991972959
0.7634920498556862,0.25925390136238585
-0.3769200882022557,0.5517466431257811
-0.16191526862887262,-2.6508928634693705
-0.5349906104512752,-0.22994968239967983
-0.4781825347975037,-0.016947654872660263
0.2756429615080197,-2.6538266717850862
0.06798475137066702,-1.6846174903887594
-0.32392216939600366,-0.3245130184561307
-0.3626320647277126,-0.3552281524521171
-0.10149438088011432,3.61481999668713
0.39642228158853354,-3.308129027155674
-0.2061440924623817,0.14355580165715873
-0.3626320647277126,-0.35541827029803136
-0.28958274433796516,0.11776824173060339
0.28523233549729166,-0.030827326390228622
2.0,3.465015888918269
-0.5349906104512752,-1.3244618052393222
-0.19726099821091522,-0.9481727321338287
-0.4577421879328059,2.5059897373441795
-0.2783647086014396,-0.27807014411112285
-0.32392216939600366,-0.3242035048001733
-0.1676974639763223,-0.8008160404612906
-0.7683302456096965,-0.7679244231047545
0.6433723746941283,1.1431450851311118
-0.2662318585447848,-0.2658747994047586
-0.7951465679458908,-0.4155226163370818
-0.41296331975064127,-0.06491678662038773
-0.5810480379709638,-1.861854337109475
-0.4660100479128386,-0.021374578757812103
-0.6621221919717305,-1.4750166835750806
-0.15654290548580913,0.02644524544753238
-0.2009209630809588,0.5283780508366486
-0.07613644690462856,0.195990163123672
-0.4472135954999581,1.1205151113217755
-0.31476084810235605,-1.6405905445459672
-0.575435337648436,-0.26566313022534943
0.11300156437623532,-0.06431544541933061
-0.8488746876271654,-0.575470513047585
0.20362720570820186,-1.8386496652053506
-0.06881566606389052,0.8750311176639816
-0.29291692792316465,-0.2923927462077382
-0.3126283707003366,-1.4461135556985558
-0.21753988091669677,-0.6027843171207417
-0.18660662219207072,-0.7006024318982902
-0.18174140857560195,-0.4456560046495686
-0.23780425694393578,-3.2063433072094663
-0.22310697529882786,3.2717456254269686
-0.3955054753168237,-0.627605759758542
-0.49616076966303774,-0.3560570419017572
-0.4145119897955819,-1.3070442311373058
-0.35111350417937026,-0.4271421801861202
0.036579926054973545,-1.1431376495996486
-0.31319745058312837,0.8038229998337573
-0.07669649888473697,2.357231392383621
-0.2198402254226647,0.3809830871973025
-0.3449650602051352,-0.4806817716665756
-0.3251642126659661,-2.0596431832221787
0.4042260417272216,1.2790619657881792
-0.25819888974716115,-0.9279641361374212
-0.18660662219207072,-0.7462177877139411
-0.43124434601706485,-1.5840688242948784
-0.29291692792316465,-0.2928778987515784
3.3360958211383376,-0.02513941244737041
-0.5705974021574557,-0.41622983109480355
-0.3270155401477105,-3.451088766256365
-0.5162555799103252,-0.3527566839488178
-0.1472928103329803,1.9758292935000903
-0.21386001910134225,1.8280712075292214
-0.3626320647277126,-0.3546067294422069
0.349835979384687,1.4322500178870499
-0.917662935482247,-1.774448876925897
-0.34651766938645456,-0.34589341777347654
5.155135091793295,3.1671636873677933
-0.1539311162725768,1.825859280507123
1.152738227152821,-1.1538413117598076
-0.42618009792718714,0.9656976090629183
-0.2864775491566875,4.4104859219391725
-0.38685047124819094,-3.1912719546993085
-0.457495710997814,2.759072400102152
-0.39189745820487315,-1.6621375710681696
-0.4548524243285743,1.8539312093746794
-0.7844645405527361,-0.42099419642068375
-0.2571539650062832,0.02297910635888794
2.0493408691927963,2.22892656836851
-0.32430259844180354,0.8260900871286008
-0.38779328477109426,-0.3875620193251905
-0.10162346689937309,-0.7139421647062882
-0.481125224324688,1.1832204114132452
-0.25282307079467026,0.24498469762329594
-0.29646413317158526,2.1689045809787015
-0.4071071529739059,1.1102910863041455
-0.29403287471319217,-0.7194456309780901
-0.527307786408087,-0.4313205263777838
-0.43067838460705443,-0.8260942459638314
-0.6324555320336758,-0.6324545547669173
-0.31319745058312837,-0.5257790244968393
-0.5730335711098175,0.462012800499111
-0.5733821790809959,1.7410034218832475
-0.33859958878986024,-0.33853403733896176
-0.5570860145311556,-1.1435602951912762
-0.5908993240588319,-1.306836646349977
-0.2570117621268716,-0.9715992844677168
2.9759301235181144,0.41897583402432875
-0.4174048443941581,1.1750974861679766
-0.28512114767428104,-0.5966988333602797
-0.38779328477109426,-0.3881102830376685
-0.31319745058312837,-1.5739010392001087
-0.33333333333333337,-1.422805392315173
-0.6148794978281193,1.0609214575896686
-0.30809607984773196,-2.0258731549212063
-0.1421994767935469,0.3580242345732821
-0.5445327701173301,0.9803730843368826
-0.15240047171453014,-0.31685896686545983
-0.48012893774749354,-3.633825745341043
-0.3467657389411195,-1.7851375590406222
-0.19809325528610888,1.115812367261446
-0.2933807118893275,-0.3600887032979306
3.9527772157346814,1.5644339530609805
-0.479769765755401,1.706109252849862
-0.3467657389411195,-0.3626139197433789
0.532713603903433,-0.4571361118885542
1.8704114857192549,1.4875574936105669
-0.7401349177750388,-1.1675202538278644
-0.3497843661075296,-1.5396913659405425
-0.7758786804569514,-0.3603320319004898
0.0847286360730871,-1.0527026944685105
-0.12565617248750865,1.01781947391944
-0.31834886772773546,0.21501866520910337
-0.47883179855179603,-0.45292922208251646
-0.25289438141751247,2.285201262636773
-0.3626320647277126,-0.3626139197433789
0.8111071056538128,0.549392647189343
-0.5607721540920443,-0.6476148897488392
2.831104292524653,-0.7038401769391563
-0.35496201385607623,-2.5941355086037152
-0.2658984310220886,-0.08963299547672972
-0.2783647086014396,-0.27879556284009216
-0.08298826628866156,-0.47850453434766643
-0.356801692100357,0.8758789252691643
-0.28919983517401315,1.3536563204227814
-0.1472928103329803,-1.5752216544614186
-0.2785406255932669,0.3053397182008143
0.2708921270675185,0.5272240978738462
-0.3955054753168237,-0.4887179268039289
-0.5466831451766817,-2.1321603839219927
-0.2662318585447848,-0.26611015473168637
-0.6114475010757656,-1.2447804765572021
1.420335030256424,-1.6902431669406943
-0.3782560492274982,0.26323069674986116
-0.3534511700327352,-0.5664611121430129
-0.1472928103329803,-0.23242115065235114
-0.14952903949018279,0.4476690262391716
-0.3906755809607476,-0.7002718968764841
0.3378361490971422,0.28518411235504965
-0.2818702464305036,-1.7323351766002233
-0.5072144940563398,1.4801959435408432
-0.3797869236187824,0.8707749380158907
-0.3330932468710693,2.1900341753427757
-0.29850626258950874,0.8635926085042263
-0.3626320647277126,-0.3547094463092727
-0.3126283707003366,-1.4461135556985558
-0.1600488313878726,-0.16047413082890472
-0.7444143287436266,-0.41308476761086393
0.5040302036234264,-0.8523231857745777
-0.25182498581200186,1.4158686886369105
0.3378361490971422,0.2855047050466046
-0.1539311162725768,0.36478118687797095
-0.5756733353803164,0.607494132335217
-0.8008434372400539,1.484215007413228
3.0711208352127697,1.1987636283343208
-0.3330932468710693,2.3819368184843177
-0.2933807118893275,-0.4084783639499348
-0.5162555799103252,0.00624367271377795
-0.3467657389411195,-0.36174743617384925
-0.480822368945951,1.7580940757924728
1.9953991197399141,-0.4917796607667168
2.9999564270192036,2.1196978941089433
-0.3534511700327352,-0.5664611121430129
1.475608130513894,0.8842595400633161
0.27212957617633626,1.7763271921152906
-0.15654290548580913,-1.7017777469558364
-0.2585438449975096,0.01135540420678626
-0.4629100498862757,-0.46248076132499094
-0.3077287274483318,2.521464976554539
0.5278615073083401,1.0472330858075753
1.0224380371354038,0.9332504028749546
-0.36982747541417976,-0.36974280110755736
-0.33675513204069585,-0.5632756326886652
0.30108397179799246,0.3014000579531818
-0.37223151323822967,-1.998452855564098
-0.3057755050971648,-1.0795866246408001
-0.3270155401477105,3.8239671087365723
-0.3626320647277126,-0.35481386430494505
-0.4751727267162009,-1.0703441991264009
0.9486832980505139,-0.48483619520168203
0.24691988749265464,1.196520422037418
-0.1676974639763223,-1.1696797831918824
-0.12945955560063094,-6.733028633156093
-0.3626320647277126,-0.3468079294251316
-0.03914128337893323,-0.1513274952632905
-0.4660100479128386,0.8072551272449101
-0.3467657389411195,-0.4252236039619159
1.4985372985307104,-3.169992897640009
1.9508524400165295,0.4629820948563228
-0.11431691721978565,0.2624147673699271
2.0807056445024164,0.8265263364972882
-0.28958274433796516,-2.3070142129391464
-0.39189745820487315,4.826181253912441
-0.2227499039198556,-1.6453498699881948
-0.7038153430777867,-0.9220392621858343
1.2175234353788222,1.2174894300983288
1.0905505084692932,-0.9908085267179423
-0.39189745820487315,0.6483638754985003
4.005885888591906,-1.2851902434867657
-0.19023290008376958,-1.5132751096240091
-0.4834752021486412,-1.1627205750991902
-0.2789521163999137,-0.27894560373913707
2.58731808559231,0.11644493287203424
-0.1472928103329803,0.8421871220347824
0.4042260417272216,-1.4995128924519596
-0.43368338427964076,1.8058735167216509
-0.49102466670796685,-0.010156794402262923
-0.3681025421089701,-0.9847578512959098
-0.4706053630927151,1.0508668033291457
0.03842996861425742,-1.1684653062682147
-0.34744527220624644,-0.126849940629357
0.5054592188852508,-0.5479418411048336
-0.29291692792316465,-0.2933132444281162
-0.47529467760482386,-0.39476471369435845
-0.3467657389411195,-0.3625150978432106
6.625489839070246,-1.2146113867369195
-0.20523435822551844,-0.6925427797453175
-0.6860266249355647,-2.1653612557453217
-0.33209842815007656,-0.45640812671061887
0.18657668929592583,-0.0022636388309425163
-0.2449420767134015,-3.02272549114426
-0.3467657389411195,-0.36212322863247287
-0.9719307827692591,-0.9722372403245294
0.39642228158853354,0.846477374672575
-0.23274276497959479,-0.1438998984916312
-0.3796336136177292,-0.28891421956381225
1.118033988749895,-0.46897937687995944
-0.3034090933276029,-0.19142319467331098
-0.479769765755401,-0.5736287692382195
-0.5607721540920443,-2.6844882726048547
0.8843391873170622,-0.6458157340909515
-0.22310697529882786,-3.304381276438193
-0.40983282004698335,4.2111415388576665
-0.3534511700327352,-0.35338329939188534
-0.2523407064414136,-0.832325718392601
-0.4489269678529627,-0.2586167247252891
-0.1279872291777831,-0.12783480963958657
-0.3192477679740634,2.4341040491931776
-0.23570226039551584,-0.32748434706074053
-0.38576195279905545,1.3858241549849133
0.9666803969053539,-0.3261938863491906
1.9213342821406207,-0.1403146945588576
-0.32392216939600366,-0.32417091262657033
-0.26726124191242434,1.517170830777834
-0.09687911027206192,0.9953707178940995
3.570587089918895,3.5701407909617213
-0.37223151323822967,-0.21040258088673164
0.8374036143210801,-2.2080683163657353
2.1668563109235808,1.29401332013655
-0.335256417920428,-0.7054418471217621
-0.35496201385607623,0.7906832409796993
-0.3757315134649819,-0.5194944109907322
4.858887667987474,4.858571733550209
-0.2198402254226647,-1.8069923539731467
-0.3467657389411195,-0.362551184741352
-0.4066460055699163,-0.40660558765785176
-0.4965635331614208,-2.5889701744176143
-0.22360679774997902,1.3702585675876202
-0.3356323768933935,-0.33571227434684187
-0.33485541126445795,-1.980067151612717
-0.3467657389411195,-0.3634208456102161
0.7345840435161719,-3.673429418023588
-0.33485541126445795,1.1284618963642894
-0.30762994457006054,1.7894529175156941
-0.4373292016331552,-0.16644108651705658
-0.5678479443050968,-0.5673540018659984
-0.23740649323947977,0.7913037926237554
-0.3626320647277126,-0.3467785746613674
-0.34615334609447795,2.785399710399157
-0.5162555799103252,4.36777181289693
-0.10149438088011432,3.61481999668713
-0.23145109341387565,-0.39660299024257833
0.20665607016970616,2.2077168530143756
-0.3249182166443294,-1.083865352421202
-0.6623227397765747,2.1799578089208893
-0.2941398585082663,0.6605734236152782
-0.02941644253247641,0.38419318003433184
0.28523233549729166,0.31151381605622774
-0.20523435822551844,-0.2592323267665089
-0.43199443112730196,-0.2546429248414163
-0.44172610429938614,-1.7967656807400763
0.16780829039443204,-0.4198027634931693
-0.3261640365267211,-1.669016069084875
-0.7066786948797814,-0.7066140242644009
1.7226024063738863,2.1643637966415032
-0.3626320647277126,-0.36174743617384925
-0.23570226039551584,-1.8023570246027054
-0.5376252095928562,2.1733648644882284
-0.21592140589681488,1.5604137943935752
-0.4069714658730868,-0.4070283056121365
0.6660071781160465,1.1908344311474028
-0.17898774615126925,-0.17907116736968887
-0.2718477763038735,-0.11451114184865309
-0.2075068928738249,-0.047183083821297135
0.8547307376548129,0.727123112489198
0.5994997582556677,-0.20729859960565722
-0.5634012377894776,-0.14863603187793434
-0.25554751915138707,-0.3151822728219367
-0.18660662219207072,-5.433621394228819
0.9065768947559333,2.199928577097756
-0.47328638264796924,-0.9051633514234204
-0.329219334494762,-0.1603769876286465
-0.28041129304049006,0.06181065389195436
-0.5686416212459071,0.019445150143195304
-0.30637842724021275,0.5587434452311357
-0.07335779000679411,1.81899741515574
-0.49613893835683387,0.022674292562255664
-0.4751727267162009,0.068499929866548
-0.21753988091669677,0.9602229125317117
0.15917443386386776,0.9915129428539069
-0.49616076966303774,-3.1479485341489504
3.4300137200823206,-1.7855582316614993
0.7853167072298515,4.371796821850543
-0.43124434601706485,1.3726726512086516
-0.2585438449975096,0.6870336383095241
-0.586028464065146,1.5863377398520957
-0.3077287274483318,-0.45652005823644703
-0.15654290548580913,-0.34077678152737045
-0.29734928562732166,-0.8165397828181482
-0.2939512079436314,-0.29342849501055807
0.9897782665572894,-0.7101597307752405
-0.29403287471319217,1.2867273033400726
-0.11056644552171158,-0.5360105760622209
-0.23844783823531596,-3.2416066946800086
-0.15338447001420585,-0.15332820400827424
-0.3261640365267211,1.9161719050379864
-0.5025707110324167,0.45813939179302987
-0.5376252095928562,-0.1300137396482304
-0.32430259844180354,-1.4790137548839484
-0.3057755050971648,-2.661408183593786
-0.22922193481392278,-0.2916917768630564
-0.333107357906894,-0.41768874896858504
-0.2610112354966633,-1.1523544412249238
-0.3126283707003366,-0.312475319537844
-0.2467495343471189,-0.4131526680463529
-0.08298826628866156,-1.0820292367303936
-0.2783647086014396,-0.27785809516054333
0.9330967357222959,0.9779931946234321
1.5272040428115137,1.8687029697380046
-0.37223151323822967,-0.29589055096531125
-0.7036375333501774,3.2599453846052335
-0.8619120583202362,-0.8625225066619858
0.6747218461761861,1.6182522859147943
2.3512418087972535,0.03531504715783106
-0.18660662219207072,-0.32094252815869156
-0.31319745058312837,-0.9753370902112857
-0.5184758473652127,-1.884611412472707
-0.1844343102106452,-1.6041777459825306
-0.323306047189401,-0.477203111282591
-0.6201736729460422,1.2533265721243736
-0.2585411018121876,-0.06811167516249392
-0.21386001910134225,-0.21990324856456195
-0.43807668461343985,-0.3940448698986763
-0.35175660048930024,-1.4116520919883517
-0.18174140857560195,-0.3718555794267242
-0.32444284226152514,0.9930262436360247
-0.18174140857560195,-0.076972072343952
-0.1793398535332015,1.936761636671858
1.8795868469768742,0.19140216163050414
-0.3626320647277126,-0.36212322863247287
-0.38014296063485276,-2.290643102451687
-0.22310697529882786,-2.421301615009921
-0.33859958878986024,-1.5390174502257208
-0.4698774532189784,-0.34352808901582926
-0.3626320647277126,-0.3545820886256692
-0.06490381515838589,0.01636362708928736
-0.32444284226152514,-1.324359054192802
-0.2818702464305036,-1.632068443185811
-0.4036520304837775,-0.403395818064381
-0.4714217401039806,-0.8346529418065844
2.1274689996480505,0.5921731183656749
-0.7071067811865477,-0.7072159287075885
-0.14417808340715893,0.8179750713099297
-0.042939930372356064,-0.04299841155239085
-0.3169099498984274,1.898694899349515
-0.24655254742916463,2.03882009429071
-0.554700196225229,2.1074275307013486
-0.33461385442476504,0.006209779713982405
-1.0,-0.999371882583912
-0.40099780400916324,-2.8770311989087234
0.07334623279769442,-0.33219874103666874
-0.3533066730934465,-1.5225352188479206
-0.16894641885426284,-1.9980990702527264
-0.5184758473652127,0.011942693574166876
-0.40983282004698335,-1.4487760761715152
1.9402850002906638,0.5194436782757055
2.63506442995836,-1.9372847058430782
-0.33675513204069585,-0.47359051959736714
-0.38576195279905545,-0.042613362156605196
2.1854457863782746,0.12166655744282674
-0.4519178028412395,-0.09700156408782586
-0.8002516504992792,-0.5645695953330864
-0.1676974639763223,0.36837620684111727
-0.8733337646093731,2.4692632284881455
-0.26926455645061087,-1.4107478184202924
1.8045769443324982,-0.1743508966603196
4.2872051831824,4.287580322946368
0.16142726617937941,0.16117963199392632
1.0727432645666226,-0.3692431654586791
1.07228485098018,-0.3020658595973171
-0.3963762451287451,0.6998383301332266
0.9336724681715884,-1.8103399517768894
-0.22874868670930779,-0.11635112467747706
-0.43067838460705443,-0.48139490782352495
-0.33461385442476504,-0.31931033092229394
-0.4175781427533435,-0.04536968862268254
-0.3512029198250337,1.4351351566491761
-0.23740649323947977,-1.1326722911042892
1.0224380371354038,1.9338724018377083
-0.2878235836700011,-0.38029082043347257
-0.5643326479831005,-1.7332126815836189
2.6039415913233577,0.25263186497550494
-0.651836279700547,-1.2456492718234204
-0.35355339059327373,-0.3693530466162343
0.16731234073275178,0.16735963519785957
0.9116510405828308,2.618771764587589
-0.44822530856139847,-1.5563192672800528
-0.5280838807223597,-1.097645075246918
-0.4751727267162009,0.6534886586192286
-0.06629038032297163,-1.722543748432114
-0.0374209149456702,-2.033711562664289
-0.1873378638125974,0.3964586405623796
-0.5705974021574557,-0.5877113869602184
-0.14024450274407624,-0.14056199404956843
-0.7092081432669752,0.5118259122052712
3.054068456220765,-1.614191267107653
-0.22643643672220642,-0.2263262376039242
-0.5086056493998734,1.2141968336584432
-0.3467657389411195,4.86437964140567
0.2746942282976696,-0.152930211051909
-0.1973787572221129,-1.3396395603821523
-0.42367765301687615,0.06252409893657591
-0.32430259844180354,0.8490788970014611
-0.408248290463863,-0.4560097009451492
-0.43124434601706485,-0.31323130752736955
-0.6201736729460422,1.377013969015183
0.789753974479512,1.1359166901811566
0.10341753799900383,0.06402584815182914
1.2209822054445634,1.4761887512801801
0.06019292654288463,0.08688166976558384
-0.1676974639763223,-0.24189483676513673
-0.25601986919949943,1.5139722524554238
2.2360679774997902,0.1544404089841454
-0.2516369982363258,2.33008045728676
-0.3626320647277126,-0.346976191337997
-0.8795932074125605,0.11313864987492576
-0.3626320647277126,-0.3640307889844608
-0.39189745820487315,0.4893003307668344
-0.2523407064414136,-0.45828576681376376
-1.1567034896476118,0.9593884213040559
-0.2227499039198556,-0.7488822108257063
-0.401262147120694,-0.4011497339060102
-0.2523407064414136,4.371003957408972
-0.2467495343471189,-1.0598327281499003
-0.3270155401477105,-1.7249211231032895
-0.09404213128427012,-0.09438741866550131
-0.3855498004780299,1.8132442478486608
0.07395041955334923,2.482537285302618
-0.36380343755449945,2.20145259090808
0.5770839022692477,0.5773631843418272
-0.29905119140092556,-0.29891383784598086
-0.3878116527182814,-1.5173935592514358
-0.526201360558434,-0.28693936369057227
1.8976535975542046,-1.656731643880831
-0.25233690330367214,0.17456741681461063
-0.32392216939600366,-0.32406144171387136
-0.2200785700577865,-0.44217646746733325
1.1125043766991918,1.1129003239958861
-0.5162555799103252,-0.157431022538473
-0.8025383458814721,-0.8024061318093234
0.7247585683853132,-1.4472129878691464
-0.4660100479128386,2.4432778300476037
-0.15240047171453014,-1.4951357024924736
-0.2808311990764621,-2.4058744716845597
-0.1676974639763223,0.17722233928161713
0.2852987010787278,-0.31309820000355787
-0.526201360558434,-0.0899974105636719
-0.6099942813304187,1.9695099490324455
-0.36380343755449945,-1.8436155426205647
-0.6417995616961756,1.050079714803669
-0.6046769308873933,1.142387981830144
-0.6928203230275508,0.002146326796776196
-0.3467657389411195,-0.37917250720371415
-0.2516369982363258,0.8667434971579875
-0.13263776799292346,-0.24497703764051398
-0.4069714658730868,-0.40734187470721567
-0.06754886803753843,0.06402584815182914
-0.28919983517401315,-0.3798400230307522
0.14181940174038496,0.14937922277845964
0.3247099833872795,0.3929259385030823
-0.49186937683796467,3.5188790470540843
3.073674960619925,-0.28304320810612177
-0.42717882885838043,-1.4171029214782789
1.170245522302832,-1.1785166928733075
-0.2773500981126145,-2.5646172534560816
-0.7559289460184545,-1.4845134902534973
-0.27378383028995734,-0.2738146635823172
-0.5630324549140188,1.4744972891391992
-0.49613893835683387,0.42227690840682613
-0.5590169943749473,-0.49494151556960647
-1.356801050599936,-1.1127944182998168
-0.3563404885664402,2.0156353845654387
-0.200833283825736,1.2459588950126816
-0.36380343755449945,-0.19911200528303674
0.06074567392307871,0.060785746026600244
1.2977713690461004,0.7361175436417271
-0.9719307827692591,-0.9717967165044507
-0.2585438449975096,3.566038208007046
1.440900551281053,1.2818800617632318
-0.48470781406821356,-0.14848866412604683
-0.3678874348341116,1.7638155749687578
-0.3626320647277126,-0.36446213876830386
-0.5162555799103252,1.2876311414420738
2.232039174147641,0.9343771663928083
-0.3796336136177292,0.07569256181870397
1.4359163172354763,-0.501803858515673
-0.39426663341890567,-0.3946269228630067
-0.2516369982363258,3.9778338020107555
-0.34079027620547275,-1.3273635846652292
-0.3467657389411195,2.5547547987043897
1.4489763612590498,-0.44184254162020087
-0.43199443112730196,-1.6229659701325447
-0.39894065823563113,-1.6160497121096622
4.943818441460295,1.3064234953239307
-0.21667583935520543,0.05181586815406177
-0.4011289314978866,0.6569751315182598
1.3242443839434612,1.0057488852449281
-0.2332530044638305,-3.054681066892937
-0.3190484686205321,-0.9465420357556864
-0.43807668461343985,-0.519253466965094
-0.8066302870655919,-0.8352166589294432
-1.3902826712723815,-0.5067476865399896
-0.355959939659283,-0.15788360546593244
-0.2939512079436314,-0.3902034003580097
-0.13629080832138432,1.2770269959715443
-0.7126966450997984,-0.7113414074134052
-0.5730335711098175,-0.49798735994976834
-0.3670651741928988,-2.5647864119250476
0.48280787926033486,-0.6731243743382732
-0.16943139854749587,2.0623460755498164
-0.46617942016130465,0.3605117607170693
-0.33675513204069585,0.7844545706709033
-0.08898904266275885,-0.2722707835352292
-0.4115848760575352,1.0498030472287385
1.969832358592498,1.9698316923258254
-0.05913123959890823,0.2935425075722411
-0.4036520304837775,-0.3392926979360105
-0.10162346689937309,1.310744383326636
-0.03160697706205067,-2.4662680890172624
-0.3467657389411195,-0.36269258762497586
-0.6860266249355647,0.6118751313358968
-0.3077287274483318,-1.735663484800923
-0.36696504144929837,-1.8047099264703816
-0.05405256876594606,-0.053849305166667395
2.649122807017544,2.6493872264831424
-0.1991169934799916,-0.1990823970092629
-0.3545092819743718,-2.2568407843480283
-0.643726309578718,0.5168728843788776
-0.3963762451287451,1.9380716126612323
-0.24655254742916463,-0.5853551371439548
-0.45504300735725267,-1.316026771929743
-0.2658984310220886,-0.4155226163370818
-0.3563404885664402,-1.356560595129001
2.6421304894168007,1.4142334733234627
-0.28778826572598565,-0.2878695049248834
0.5518767218448865,0.5520608273204288
-0.5222329678670935,-0.45921008320514384
-0.39937474911971643,1.1438425591920607
-0.3034090933276029,0.6234347047139583
-0.2743774361274412,-0.023080802976140853
-0.30499714066520933,-1.0400748267817834
-0.19726099821091522,0.7943707542409717
0.7071067811865475,0.706950195914414
-0.2625125839532228,-0.3271443196677392
-0.6897304947150052,-0.08065805975300137
-0.22479043947872152,-0.461804124500326
-0.15654290548580913,-0.5299803522935043
-0.6417995616961756,1.1269824279114147
-0.1539311162725768,-2.0771564588482088
-0.2783647086014396,-0.27822047899559765
-0.14417808340715893,0.3703562300847622
-0.2516369982363258,-0.950837450229259
2.328643520412966,-0.29352485485585617
-0.2467495343471189,-0.33995299552279296
-0.22310697529882786,-0.04472150266338796
1.7285267941367817,-0.11658773176523504
-0.4311300866975905,-0.5704353569018843
0.28523233549729166,0.3117424880905973
-0.49186937683796467,1.188716383576781
-0.356801692100357,-2.08664071619192
-0.3467657389411195,-0.3624322240529654
-0.31319745058312837,-0.21687896368428208
-0.28958274433796516,0.2638721832363194
-0.19726099821091522,-1.5715389760940837
-0.6621221919717305,0.411862464666706
-0.25984545990410746,-0.7225312476189444
-0.2682075374337545,8.191000451624731
-0.3626320647277126,2.5547547987043897
-0.5376162432255781,-0.46725817919153617
-0.25182498581200186,-2.4576404240373875
-0.6545272579640818,-0.908162500748783
-0.182487846928297,1.2851393292257487
-0.23553447377852357,1.290257047019129
-0.5162555799103252,4.351572743298064
-0.5086056493998734,-0.8130108693014841
-0.23740649323947977,-1.0883978266552947
-0.3626320647277126,-0.36246771497308
-0.28958274433796516,0.007914564041669589
-0.36380343755449945,-1.6564952530382622
0.8096703242219643,1.6705585369908773
1.0103647035330965,2.662958899113547
-0.5087719298245614,-0.5091613263576615
-0.43368338427964076,1.8465351681080084
-0.34079027620547275,0.5368238013844915
-0.3626320647277126,-0.3624322240529654
-0.32392216939600366,-0.3035987350550539
-0.3626320647277126,-0.3468079294251316
-0.6892024376045112,0.9314043215904875
-0.5261563368406258,-0.5583575666680078
-0.2783647086014396,-1.7960723743865783
-0.2658984310220886,-2.970573687639184
-0.9719307827692591,-2.028272921871247
-0.7229906911531178,0.03321314810348274
-0.4069714658730868,-0.40707920615592863
4.358032342271475,4.358061851655814
-0.05792844463634919,-1.1954642528709003
-0.481125224324688,-0.46243144046069956
-0.5184758473652127,-1.5347686708640875
-0.1963344058068945,0.5048360302205229
-0.31834886772773546,-1.8666033781709723
-0.1579294102875659,2.56890908518365
-0.182487846928297,4.133415601166478
-0.32430259844180354,-0.28667575898811026
-1.3902826712723815,-0.4933225156165328
2.0735440652393584,2.0735044729631396
-0.1676974639763223,-0.45258338294276285
2.552757736284806,1.787613207991184
0.1338870278839417,-1.759150946657573
-0.4548524243285743,0.8941634599844115
-0.3626320647277126,-0.4128551640167711
-0.20896756891418602,-1.3502271646792032
0.27972711943222967,-0.20853522541852437
-0.5,-0.5001119047948124
-0.3330932468710693,-0.5835496705482315
-0.3626320647277126,-0.3328755194109769
-0.22753493423577306,1.8699619879160092
-0.32444284226152514,-0.3236489242067898
0.5878803211399749,1.008604627032437
-0.4094468807121798,-0.7543571554050903
-0.23145109341387565,-0.727926261310915
-0.2511706879991893,1.8071226127954858
-0.16894641885426284,-1.03234659052359
-0.7539567953153978,-0.7545245687773201
-0.323306047189401,-0.6707774696185063
2.7947468575673575,2.986553203990685
-0.3467657389411195,-0.3625408189142852
-0.3497843661075296,-2.220395061668541
-0.22310697529882786,-2.767168542748975
-0.3626320647277126,-0.3363825579756004
-0.07958721693193385,1.8163663148839624
-0.21592140589681488,-1.479438668164546
-0.35073190479140487,0.1152901786313943
-0.3534511700327352,-0.35311283916109487
-0.4751727267162009,-0.42246938506655657
-0.39189745820487315,-3.485317571657413
-0.3467657389411195,-0.36271067550894953
-0.41627538788157614,1.8218701221467712
-0.15843789283357507,-0.682254996511125
0.9330967357222959,0.9778081755689249
-0.3160366485159529,1.944539015785871
-0.3467657389411195,-0.3625494841261359
-0.0987046242006195,0.940790186204455
-0.4519178028412395,2.7851426007628413
-0.3626320647277126,-0.3545574756229432
-0.3467657389411195,-0.36246771497308
-0.15104479220694755,0.3688971388272836
-0.21457760209856588,1.1330738609266804
-0.31834886772773546,0.030486857476064486
-0.39512214198993045,1.4875574936105669
-0.44172610429938614,-0.267047898883713
0.8464989719746505,-0.23349954430263653
1.6537883095700798,2.1967296928217968
3.8245197194931384,0.14675798847575144
-0.21386001910134225,1.8144900135036077
-0.23844783823531596,0.1985060854218575
-0.4036520304837775,-0.4041525360567652
-0.2455270427278765,-0.4182141247242082
-0.7336324423780305,0.02899858057916504
-0.715342288690771,2.0661999044436685
-0.31319745058312837,0.04460626349345213
-0.333107357906894,-0.25908209944720134
-0.34744527220624644,2.452836123702723
-0.1579294102875659,-0.1877904022772912
-0.1793398535332015,0.1647935989360691
-0.25554751915138707,-0.5380114169898802
-0.2743774361274412,-0.46535777701245445
-0.32392216939600366,-0.3238576668732641
4.172418736847317,4.172769023900263
-0.7684984630046109,-0.8684641194909959
-0.40257818324279987,-1.8340765832194392
-0.22479043947872152,-0.2781514748989408
-0.2914994170017489,1.6256986358628385
-0.41627538788157614,2.046735812073563
-0.3467657389411195,-0.36246609278469594
-0.17426246913194762,-1.9023799522443405
-0.8490268814162553,-1.0508787807626745
-1.1245914290767742,0.7227218650833962
1.6913143462074323,0.9396912446698771
3.6055512754639882,1.4627961647819587
-0.393594749682311,0.10179107176927969
0.0,0.6752343896551943
0.6010156527350101,-0.7848361511786651
-0.05792844463634919,-0.9381850771019934
-1.026313219640854,-2.184399054979096
0.7071067811865475,0.7066054921987824
-0.37267799624996495,-4.547484134706981
-0.4483265302665723,1.1689230074472972
0.5040302036234264,1.323139365278005
-0.07848268519601925,1.6807885856078466
-0.4036520304837775,-0.40370935717401585
-0.23341115002161758,-0.233884793390556
-0.2523407064414136,-0.3700311000053526
-0.356801692100357,2.8277528032709665
-0.2658984310220886,0.4190621429557842
-0.3486627648942974,1.4362609532940314
2.022217026465671,-0.7744021481762028
-0.3077287274483318,0.5432593287188286
0.0,1.0583862370322394
-0.5385144411474057,-0.5383540243850193
0.04399886582163249,0.10229359947780509
-0.4509096384805815,1.4682428945657853
-0.43124434601706485,-0.20273143481647476
-0.2668751984542728,2.197049995332098
-0.2818702464305036,2.644791357879898
-0.23740649323947977,-0.05045258887206092
-0.5052467333920878,-0.15719048530452961
5.77182017049255,-1.3914065805550433
-0.20636089389604753,-0.7538551179296192
-0.3467657389411195,-0.3632363278030887
-0.4519178028412395,-1.565941475295533
-0.7038153430777867,-0.1274955374440307
-0.3261640365267211,-0.8190726228406824
1.1095987164291794,1.4730174393340436
2.9694980329878264,-0.17854280559032515
-0.3160366485159529,2.0769622479843646
-0.2743774361274412,-1.1320812607435895
1.4948948938977793,-0.1901554205074766
-0.39633756023989714,-3.7505867836113027
-0.43524517414231,-0.42290467561955225
-0.33859958878986024,-0.11313652671191193
2.0,2.00045824585435
-0.2585438449975096,-3.2397826778366308
-0.30809607984773196,-1.0881498812692807
-0.21386001910134225,-3.0220173035073947
-0.6950575679978244,-2.377145590001456
-0.28919983517401315,0.07569256181870397
-0.2585438449975096,-2.5075533687280753
-0.31834886772773546,0.04937740041506813
-0.3270155401477105,-0.37141019771154626
-0.393594749682311,-0.7133298871187824
-0.3486627648942974,1.3241520509616584
-0.3830912293058224,-0.23443008470384594
0.890625,1.1892715587702491
-0.2585438449975096,-0.5914322167881317
-0.8360796171499413,-0.9877266405286519
-0.5630324549140188,-2.036789501505663
-0.22360679774997902,5.172674874044127
0.233610182032669,-1.27631085295885
-0.5168250843084334,0.0372504264593728
1.105603500676597,0.45042192533725756
0.4597954444838545,-1.1406785081208337
-0.5466831451766817,-2.895143727866385
-0.4256530497870445,3.7133842858124955
-0.4175781427533435,1.3241520509616584
-0.4698774532189784,1.960655410829848
-0.23145109341387565,0.037640130491068534
-0.5157666574055942,0.1781301177928786
0.14701643735659609,-1.1836341253204234
-0.2571539650062832,-0.43111868161385636
-0.0987046242006195,1.343509857622668
-0.3534511700327352,-0.354400014770294
-0.5328127890695169,-0.3147725089166133
-0.33859958878986024,-0.33895650360883645
-0.3626320647277126,-0.3625756127185443
-0.3512029198250337,-0.6713241565906674
-0.29734928562732166,1.3704855428255773
5.288898227159308,1.5165863419135714
-0.3449650602051352,-0.37370895697760137
-0.6743912786964454,-0.6743674768157711
1.7320508075688774,1.3202176154101515
-0.3626320647277126,-0.3626165863552404
-0.1973787572221129,-1.754988041514624
-0.22823424111617294,1.4733398202168089
-0.18334046973314133,-0.182993334529944
-0.2658984310220886,-1.5311516960092961
0.3730235484764954,-0.33019379587565434
-0.34615334609447795,0.4321631350487996
-0.3626320647277126,-0.35486375735510073
-0.3796336136177292,-0.2895813375081641
-0.33485541126445795,-1.6698530997900445
-0.3681893266808397,-3.9339936857170184
-0.3467657389411195,-0.362221339384497
-0.3626320647277126,4.86437964140567
-0.6928203230275508,-1.7207012876762315
-0.43001307259611343,1.6767522482273538
-0.5753288493234463,-0.5444831566054348
-0.5385144411474057,-0.5386472606809712
1.543055355464712,-1.976349241020552
-0.26926455645061087,-0.6139798674454573
-0.2449420767134015,0.30959582705757455
-0.43124434601706485,-1.774259249838473
-0.4600701377894791,1.321022519152912
-0.39189745820487315,0.018549799818294514
-0.32392216939600366,-0.32439946857277996
-0.1497017640766475,-0.503853423684337
-0.3467657389411195,-0.2798467108664214
-0.3057755050971648,-0.7785573785904647
-0.2658984310220886,-0.37687721811267416
-0.49616076966303774,-1.018511810934073
-0.3467657389411195,-0.3622455742717489
3.3005203868446507,-1.7950084514087912
-0.29850626258950874,-1.9699339906785422
1.2711092116245097,2.8492548893666885
-0.3192477679740634,-0.7198359231527198
-0.182487846928297,-0.3986117181778253
-0.6488856845230501,1.10970352807009
0.970142500145332,-2.569725455332405
-0.6860266249355647,0.1529211929897066
3.0762437012501893,4.172769023900263
-0.23740649323947977,-0.5403047277050034
-0.21386001910134225,-0.36084040024926173
-0.23398119839471962,1.774028098288422
-0.22753493423577306,1.0320638401578108
-0.44721359549995804,-0.07054798082482573
-0.4036520304837775,-0.4036714225107085
-0.27585082172067216,-0.9083249235068438
-0.3533066730934465,-0.3034620244966693
-0.215452538671041,-2.2300657790427896
0.10608848664402161,0.7091998043369885
-0.4417535910673603,-1.9823338772824612
-0.5302810606912027,0.24534677217017364
-0.18570174675753706,0.4362383480521968
-0.1579294102875659,-0.12142984779574321
0.6114390052643696,-0.8313816451720673
-0.32605565837568895,-0.8229145572884479
-0.46644172323981464,1.593317088435536
-0.323306047189401,-0.2677934954414279
1.3480372031495527,-0.2891956233152076
0.7602703664261975,1.9115339604059542
-0.29403287471319217,-1.2644813287059098
-0.3467657389411195,-0.36446213876830386
-0.2999024144992147,1.033294368629202
-0.3626320647277126,-0.3544685548589669
-0.6690130784982481,-0.3109089502070286
-0.6983807531485213,-1.540287277534909
-0.028242878691029035,-0.07304304738120294
-0.15240047171453014,-2.048087941728493
-0.21898903614294404,0.028074017284058048
-0.13455564248227436,-0.6865136966223933
-0.7969920793975035,0.6297921178988095
3.701308540493524,3.7017504588955945
0.175274080042647,-0.5353012205432148
-0.1676974639763223,-0.362666007111109
-0.1793398535332015,0.9553012265841588
-0.4345392058852112,-1.2302245485698258
-0.3963762451287451,1.6595501950844485
-0.6981063280002046,-0.551949880086553
-0.12403473458920847,-1.0368919816265532
2.604729426373378,-0.5605432477926424
2.668153221635441,-1.190752913257872
-0.39860383114963444,-0.7565218148951014
-0.6563441090607934,2.2687003470291067
-0.7066786948797814,-0.7071543336086203
-0.4834752021486412,-0.09612281771694954
-0.39633756023989714,-0.5309505275707221
-0.2516369982363258,0.1908099939125469
-0.49616076966303774,-1.8484468652205275
-0.23844783823531596,-2.3825961274308094
-0.06508882715997986,-0.06540635693327249
-0.0957392634362378,1.421157892953469
2.3884391033080514,-0.6795207216045137
-0.21085996022905057,1.3433801679736002
-0.23844783823531596,0.7041391363780012
3.8442686751858,0.569843915989142
-0.33675513204069585,4.941660043469141
-0.8488746876271654,-1.6560415177855587
1.9048933360598022,1.9771705869485132
-0.4524370101133425,2.9130344713782996
-0.32430259844180354,-0.4636981092140892
4.4721359549995805,-0.5463254083203567
-0.48470781406821356,-0.5133013380206694
-0.19726099821091522,1.7273461642569152
-0.5981505001506546,-0.8600462313830917
2.8867513459481287,2.06175366015163
-0.21860328189563086,-0.21907359708830135
-0.3955054753168237,-0.14408253306849886
-0.3330932468710693,0.06315327386703243
-0.457495710997814,0.8250804452391329
-0.43524517414231,0.9311102854931589
0.8049733304776433,-0.27279720716003814
0.9330967357222959,0.9781184695206435
-0.5,-0.5002863768796285
3.5975102897356397,-0.42823219336932217
-0.22753493423577306,0.08831361741095668
2.0306388098092714,0.19853572844480716
2.5461796443639484,-2.104160683933846
0.2620294090444291,-3.3266157296590264
-0.18570174675753706,0.6911340267609839
-0.45969101838321214,0.43781531201255036
-0.5168250843084334,1.26870064836636
1.7320508075688772,-2.7796467647914413
-0.4400359866366432,1.170615541540033
-0.8025383458814721,-0.13479863790728877
-0.643726309578718,1.818721235456318
0.040257818324280006,-3.4618754906050055
-0.15836747441133933,1.4844510218490974
-0.8142689983928402,1.4593128183147839
-0.5630324549140188,-0.38760931351413347
-0.5756733353803164,-0.3151822728219367
-0.29850626258950874,1.2118255060038179
-0.7229906911531178,1.9916999203152856
-0.11053231554478572,0.7623127955743784
-0.3626320647277126,-0.3546954033818143
-0.527307786408087,-0.8451064289731638
-0.3497843661075296,-0.3544591081676858
-0.5607721540920443,-0.023162281224071206
0.014558647529524703,1.9457912112479387
2.4368866248324705,-0.6905194333148135
-0.7704390187778282,-0.7650104936346003
-0.3935010152342155,0.12761673141226915
-0.3626320647277126,-0.3545193066663847
-0.45115735131303797,1.2203816472526592
0.8025383458814721,-0.34635656006105103
-0.8745309996070713,-0.4518107866946912
-0.4256530497870445,-0.3711657609785054
-0.35355339059327373,-0.4738207066454581
-0.6690130784982481,2.6355496265877014
-0.4147116440040031,-1.3443898493252258
-0.4681302769078069,0.617136230052722
-1.4142135623730951,3.4771276733442407
-0.6783234474692018,-0.531060301810815
-0.480822368945951,1.1982975473983508
-0.14121439345514517,-0.5996042101262914
-0.06043978852154992,1.0120611046916168
-0.22310697529882786,-1.1592867556062703
-0.6902013856519743,0.9786856571942321
-0.2625125839532228,-0.6848682174582904
-0.5927172827609046,-0.05811293034109983
-0.2682576213165664,1.6607484369891747
-0.4036520304837775,-0.40372911317073845
-0.6631976363466138,-0.6476725207600191
1.3339459376998313,3.181802445341304
-0.6417214810532981,-1.301299496201681
3.8484865367348147,3.848115457175021
-0.3535533905932738,-1.0968827972036674
-0.22310697529882786,1.0206605313207995
0.6063863986673381,-0.540856145593468
-0.23740649323947977,0.24715539013462254
-0.33533709985662086,0.13933334254678742
-0.5328127890695169,-0.9758430935617184
-0.3626320647277126,-0.35460174871073075
-0.2285007592353787,1.9126071914305458
0.3626377513198878,0.3618308932366864
-0.1539311162725768,-0.01798118646636019
4.488410041237445,-1.0766605974581995
0.01645077070010326,0.5835019354163117
-0.2571539650062832,-2.8783867556497356
-0.43368338427964076,-0.39068626070216356
-0.4519178028412395,-2.998208772557233
-0.2808311990764621,-0.05956110324549347
-0.29850626258950874,-0.027584187638575883
-0.4509096384805815,4.014539028034657
-0.14000056000336006,-0.2789688525206196
-1.3525216156543238,-0.9463441237292418
4.525318712956492,0.05777833178157559
-0.11534708249969795,3.0446898553576154
-0.17047203917087486,0.33439360313010635
3.4564212589846104,3.6914988497171692
-0.3955054753168237,0.2816081456940928
-0.6324555320336758,-0.3082010020413958
-0.19726099821091522,5.192527967488332
-0.1539311162725768,0.08924215299306404
-0.6465963663001746,0.5349777370928777
-0.2808311990764621,0.18221291987677588
3.088885554928594,3.0890096653635117
-0.3626320647277126,-0.4128702261670198
-0.5659164584181103,-0.4601383637264061
-0.2523407064414136,-0.646100578612366
-0.3645114082465039,-1.303154118481799
3.1951765754497408,0.4159411348806437
-0.33675513204069585,-0.3676454793404588
-0.20262714334609383,-0.20253009074815148
0.3378361490971422,0.2852938512621718
-0.07848268519601925,-1.2935361854494212
-0.3626320647277126,-0.37917250720371415
-1.3902826712723815,-0.9584340417899869
-0.07949725905628817,1.8257281793613507
-0.21320071635561041,1.3201409953093366
-0.2939512079436314,-0.2938408104186923
-0.1472928103329803,1.596045746929207
-0.3757315134649819,-1.281588481073787
-0.479769765755401,-0.8611882884380039
-0.3626320647277126,-0.35484615295606514
-0.49739226433242223,5.636372223590422
-0.3563404885664402,-0.45005623870564354
-0.3626320647277126,-0.36271067550894953
0.26499947000159,1.465323594981307
0.6801370931162731,-0.620936720551015
-0.31402368289582594,-1.7147883987504107
-0.18174140857560195,0.9880787519695555
-0.8751857342005338,-0.5613130260341288
-0.3626320647277126,-0.3463538804547739
-0.22753493423577306,-2.0637616851179352
-0.23274276497959479,-0.18116804962692395
-0.18680536583441806,2.155581483850063
0.5636018619766345,0.21775571520664677
-0.26926455645061087,-1.3873841921109993
2.0410301874199375,-1.5454377779304402
-0.18680536583441806,1.064560611446437
-0.2939512079436314,-0.29432542221114516
-0.18660662219207072,-1.6671129157182163
-0.4069714658730868,-0.4070223804011156
0.8528028654224417,2.230780464652301
0.2623975209798931,-2.2298907781172486
-0.09133681820090252,0.3771866533417491
-0.1539311162725768,-1.5345676306218228
-0.3261640365267211,2.137755827947934
-0.1680156234181224,1.3658377833905189
1.6059101370939322,1.6056274457677573
-0.3467657389411195,-0.3626637173584395
-0.25886349545339626,0.06440074493016451
-0.6213664431593421,-2.529382436980645
-0.7518820606756281,-2.2927768478063433
-0.3626320647277126,-0.35449709615289254
-0.3757315134649819,1.652975811001413
-0.4417706308963743,-1.1326468770606453
-0.33485541126445795,-0.8271653595137265
-0.23553447377852357,-1.3342664609798527
-0.3512029198250337,0.38659899323886726
-0.22310697529882786,0.07697868216533081
-0.4524370101133425,-0.5832710190368934
-0.4036520304837775,-0.40402418890402764
-0.15891043154093204,0.7813710962509476
-0.3534511700327352,-0.35342302894569005
-0.2939512079436314,-0.29495850856395806
-0.5162555799103252,-1.680116578574192
-0.45089521119687215,3.47902400437165
-0.25601986919949943,-0.677082795488086
3.5333333333333328,0.1214314654523935
0.5559594491425693,-0.06849220537472019
-0.18311633871852168,-3.1611382317878767
-0.3261640365267211,0.2744295352592527
-0.1472928103329803,0.31629301918992697
0.15992325525180032,2.139975051747633
-1.3239590516272846,-1.3200095593464305
2.67086494474592,-0.30536446682653084
-0.284417326050263,-1.602189888900506
-0.38576195279905545,0.6559477781308816
-0.5378099007490184,-0.33456004605039896
3.2767407702148135,3.1680863000059145
-0.3626320647277126,-0.362221339384497
-0.08043320784485986,0.5690399677273505
0.31092882973458874,-4.112116214030295
2.309538112870581,0.5367995327939988
-0.44822530856139847,1.3698459697099776
-0.10793109772987783,0.5857964281102875
-0.19726099821091522,-2.020929937622122
-0.35355339059327373,-0.7996932216221622
-0.31465544316467403,1.4115560434571366
1.3430119067212665,1.3428132562242667
-0.37532594530273455,-0.08456277012228815
1.9226647397054908,2.1654087473695944
-0.3955054753168237,-0.21081048693641335
-0.2278136851791154,0.07440858374744728
2.9201984615977916,-1.5208681528244452
-0.3356323768933935,-0.33536639672392116
-0.1316090731497905,-1.9167985095782498
-0.3626320647277126,2.5547547987043897
-0.3057755050971648,3.243199454442065
-0.741520662626687,-0.7413365782044504
-0.3077287274483318,1.0518056182591002
-0.29403287471319217,-0.18591170816848337
7.131688057753593,-0.6729355925808141
0.6091645356097938,0.6442665506748374
-0.39189745820487315,-0.6186468138769985
2.3445110420178854,-0.3644535076104103
-0.22823424111617294,0.19232531659978952
-0.5498853780266341,-1.9972786678141794
-0.393594749682311,-0.700199814547612
-0.22381412908589723,-0.9029154511247294
0.749005886273138,-0.727104600900415
-0.28958274433796516,-3.1320223942993115
-0.15240047171453014,-0.5256819218385085
-0.25182498581200186,-2.4364232478663257
-0.15725210425324687,0.6575008624083872
-0.39633756023989714,-0.24283232565560042
-0.23252995832193085,0.09537543457595289
-0.1150870675296872,-1.0993931848687433
-0.43067838460705443,-0.7818338805462857
-0.5,-0.5266929027597702
-0.12403473458920847,0.05746337784539803
-0.44172610429938614,0.6520644224136706
-0.3626320647277126,-0.347012804162286
0.3626377513198878,0.36252805667639887
0.9669890500895584,0.9662667025804021
-0.29646413317158526,-1.2423068546115708
-0.38779328477109426,0.45243962838657914
-0.3626320647277126,-0.35470229853007007
-0.7951465679458908,1.6343806429519736
-0.5162555799103252,-0.6428639437467758
-0.23111785990893938,-0.12297201181537969
-0.19395302982366058,-2.242272258453632
-0.5162555799103252,0.005497884790122023
0.2582498316219287,-1.3044940556016937
-0.25122971720853104,-1.688539997939622
-0.5773502691896257,1.5356459179804873
-0.8025383458814721,-0.8026874613717189
-0.038363378953806405,1.0897021288541038
4.145562845933931,2.117100709763413
-0.1676974639763223,0.2689490756520419
-0.35521331316203264,-1.1521738570703628
-0.34615334609447795,-0.19288644744324748
2.227458792862719,1.4757001540406707
-0.3626320647277126,-0.35474377235797944
-0.39633756023989714,-0.3610830871961385
-0.4256656229607142,-1.9132747878324325
-0.6631976363466138,1.6192315161118074
-0.5302810606912027,0.7391792484450851
1.0817714202320494,0.7510981784239323
0.3378361490971422,0.28473210048595815
-0.31319745058312837,0.3571353576742528
-0.16894641885426284,-0.5264160660720263
0.04847007077752001,0.048320362692726694
-0.457495710997814,-0.4183792309073355
2.9393876913398134,-1.5609750854680033
0.7304292987516365,0.8618229150519622
-0.9970544855015814,0.45744664096705684
-0.5,-0.5002189387534652
-0.33461385442476504,-0.20590676317120093
-0.43073049225394805,-0.08963323174774883
-0.4123331321626689,-1.119241938991735
-0.30799206075142743,0.22396500496116034
5.180313537601377,-0.18313965214111946
-0.43199443112730196,-0.14091951364823363
-0.4509096384805815,2.7766046672801075
-0.4965635331614208,1.7905877452330574
-0.36380343755449945,-2.0795614394571156
-0.30067463352017654,-1.4645741131852708
0.7258735635624739,-1.1414967859355214
2.1843113848788023,2.184682312642849
0.41840965810360903,0.41821051026246747
-0.3034090933276029,-0.368885808783322
-0.4227812216178209,0.07877711623923393
0.5104239604648815,0.5532205519412127
-0.2682576213165664,3.540397149710753
0.15229784380168007,1.797569575609019
-0.2878235836700011,-0.49132228163570757
-0.2808311990764621,-1.5113792032276048
-0.9719307827692591,-0.9721238949138133
-0.4417706308963743,0.1823657411694992
1.722232837503034,1.7207216629475615
-0.732637358131361,-0.7323731434513469
-0.5162555799103252,-0.21166920224076818
-1.1692915520518916,-1.6141801185339149
-0.5613137241850535,0.02508835941246553
1.2201064682290776,0.9409793367960299
-0.3375115875614844,-0.39197663833117236
-0.4174048443941581,0.27832892560150796
0.0,0.0001436162819505784
-0.3797869236187824,-0.31387477031861083
0.34094407834174967,0.8018345510021336
-0.1676974639763223,-1.1720423889276175
-0.23553447377852357,-0.37320576737712907
0.5513705200234355,1.792218589108254
-0.5849151039431204,1.2802174475432695
-0.509144906561216,1.7674069913461299
-0.2285007592353787,-1.9056340574043231
-0.9719307827692591,0.7113262083007288
0.11300156437623532,2.5933814444880263
-0.22360679774997902,1.5482045037288115
1.6086641568971962,-2.0708888567787738
-0.28919983517401315,-0.37962741630843216
-0.31319745058312837,-0.6306176165115437
-0.15654290548580913,-0.719021595604719
2.20740259020444,2.2071592316440896
2.1297887219158618,-0.9808373995125506
-0.1676974639763223,-1.0671039433786564
-0.29403287471319217,1.1134162055292058
0.1518797534360434,0.43097212118273304
-0.4198956143350459,-1.846035884451436
-0.22092832038816465,1.7716895551637415
-0.22823424111617294,0.4001314338948672
-0.6899514894912827,-2.479749688784147
-0.393594749682311,2.4264888928460224
-0.22360679774997902,0.5227207715345018
-0.28958274433796516,0.29395723435905996
-0.5162555799103252,0.3124890373222802
-0.3626320647277126,-0.354594463901389
1.9786505287841802,0.6648635936766389
-0.27101218511006264,-1.6994174673220321
-0.6236095644623236,-1.5124567380992466
1.0701754385964912,1.8569856884457552
0.6091645356097938,0.6446364875999029
-0.43524517414231,2.6683157285220767
0.8660254037844387,0.440194124948552
0.8025383458814721,-0.34635656006105103
-0.2939512079436314,-0.2939425126023179
-0.7038153430777867,-0.37934246937837823
0.30120243401043356,-3.9062206226461518
0.0852360195854374,1.3516471305429725
-0.17313244295783242,-0.8399317801490145
3.4616164282082593,1.6848812612324673
-0.3626320647277126,-0.3634208456102161
-0.3626320647277126,-0.3549314108478396
-0.527183491658204,-0.36836761090209424
-0.3467657389411195,-0.36299692825740354
-0.08043320784485986,-1.2606880749910772
-0.3034090933276029,-1.7431056880949385
4.213882884775826,1.240241824383916
-0.4898979485566356,-1.0697911534953448
-0.2625125839532228,0.27417896556717164
1.0169503597462535,2.4263038499258824
-0.18660662219207072,-0.06987931058567382
-0.2773500981126145,-0.6977845708266794
-0.7124196103218817,-0.06639990470670774
-0.323306047189401,-0.04826576854048293
-0.1676974639763223,-0.24759997157645913
-0.3467657389411195,-0.3626165863552404
-0.40985241566284797,-0.3805913032360623
-0.182487846928297,-0.8820677048923855
-0.3467657389411195,-0.3624009069156282
-0.472455591261534,-2.171864610778132
-0.6712657287406683,1.54387731985014
-0.1600488313878726,-0.15986347191556782
-0.29850626258950874,-0.7163149788848788
-0.5086056493998734,-1.0813082692364895
-0.038363378953806405,-0.3204937891636844
